result_id,source_report_id,candidate_or_record,comparison,split,metric,candidate_scores_by_fold_or_seed,control_scores_by_fold_or_seed,candidate_mean,control_mean,paired_delta,validity_labels,selection_status,benchmark_eligible,evidence_note
RRES-001,RPT-004,Clean V2 + OSN-RFF + full-scan U direct head,Matched Clean Baseline V2 direct head,Five grouped CV-A folds,Pair-weighted TS-AUC,0.6002108|0.6084354|0.6107080|0.6142867|0.5967048,0.5922190|0.6036103|0.5973087|0.6142619|0.5888620,0.6060691,0.5992524,+0.0068168,CLOUD_PRIVATE;POST_SELECTION_CV;VALID_EXACT_STREAM,Feature/configuration family had prior CV-A exposure; not an independent estimate.,NO,"Same trainer, parameters, labels, fold maps, and boosting rounds; exact feature/cache parity was checked. No deployment model was promoted."
RRES-002,RPT-004,Clean V2 + OSN-RFF + full-scan U direct head,Matched Clean Baseline V2 direct head,"One-shot reduced diagnostic; 100 IDs / 50,983 observations",Pair-weighted TS-AUC,,,0.5323959,0.5205256,+0.0118703,CLOUD_PRIVATE;POST_SELECTION_CV;REDUCED_ONLY,Predictions were frozen before the reduced labels were opened; scorer ran once. The diagnostic is exposed and is not a sealed holdout.,NO,"No tuning, feature selection, or blending used the reduced result."
RRES-003,RPT-014,Exact all-start AR mean-change maximum,Dyadic-start maximum,Synthetic Stage 0; two seeds / four change mechanisms,Macro pair-weighted TS-AUC,,,0.558611,0.545748,+0.012863,SYNTHETIC_ONLY,Frozen synthetic feasibility screen; not a competition estimate.,NO,The synthetic signal motivated only a small follow-up; it did not transfer to the two screened competition folds.
RRES-004,RPT-014,Exact all-start normalized Bayesian location mixture,Dyadic-start maximum,Synthetic Stage 0; two seeds / four change mechanisms,Macro pair-weighted TS-AUC,,,0.539405,0.545748,-0.006343,SYNTHETIC_ONLY,Frozen synthetic feasibility screen; not a competition estimate.,NO,This experiment did not implement the paper’s exact pruning method or claim its guarantees.
RRES-005,RPT-014,Exact all-start AR mean-change maximum,Exact Trial 52 package,Competition CV-A screening folds F4 and F1,Pair-weighted TS-AUC,F4:0.537137|F1:0.532031,F4:0.620983|F1:0.639204,,,,CLOUD_PRIVATE;PARTIAL_FOLD;POST_SELECTION_CV;VALID_EXACT_STREAM,Two-fold transfer screen; fixed blend weight 0.05 was predeclared.,NO,The corresponding fixed-blend deltas versus the package were -0.000513 on F4 and -0.001101 on F1; no further stage was run.
RRES-006,RPT-014,Exact all-start normalized Bayesian location mixture,Exact Trial 52 package,Competition CV-A screening folds F4 and F1,Pair-weighted TS-AUC,F4:0.536443|F1:0.525121,F4:0.620983|F1:0.639204,,,,CLOUD_PRIVATE;PARTIAL_FOLD;POST_SELECTION_CV;VALID_EXACT_STREAM,Two-fold transfer screen; fixed blend weight 0.05 was predeclared.,NO,The corresponding fixed-blend deltas versus the package were -0.000911 on F4 and -0.003978 on F1; no further stage was run.
RRES-007,RPT-015,Fixed-g mixture with uniform mass over the unique duration grid,Existing max-GLR evidence,Five grouped CV-A folds,Pair-weighted TS-AUC,0.5381570|0.5241871|0.5271760|0.5413995|0.5279339,0.5397514|0.5239924|0.5274166|0.5428098|0.5306421,0.5317707,0.5329225,-0.0011518,CLOUD_PRIVATE;POST_SELECTION_CV;VALID_EXACT_STREAM,All five folds reported; the feature family had previous CV-A screens.,NO,"Fixed g values were 0.25, 1, and 4. The mixture did not improve the max-GLR control."
RRES-008,RPT-015,Fixed-g mixture weighted by represented duration,Existing max-GLR evidence,Five grouped CV-A folds,Pair-weighted TS-AUC,0.5350865|0.5204436|0.5156867|0.5343909|0.5166685,0.5397514|0.5239924|0.5274166|0.5428098|0.5306421,0.5244552,0.5329225,-0.0084672,CLOUD_PRIVATE;POST_SELECTION_CV;VALID_EXACT_STREAM,All five folds reported; the feature family had previous CV-A screens.,NO,The reported delta uses unrounded scores; no reduced or private-label result was measured.
RRES-009,RPT-015,Fixed 50/50 blend of max-GLR and uniform-grid mixture,Existing max-GLR evidence,Five grouped CV-A folds,Pair-weighted TS-AUC,0.5397513|0.5239924|0.5274166|0.5428097|0.5306228,0.5397514|0.5239924|0.5274166|0.5428098|0.5306421,0.5329186,0.5329225,-0.0000039,CLOUD_PRIVATE;POST_SELECTION_CV;VALID_EXACT_STREAM,All five folds reported; the feature family had previous CV-A screens.,NO,The blend was virtually tied with the control and was not promoted.
RRES-010,RPT-019,Rich nine-expert conditional bank,Gaussian AR(0/1/2/4/8) bank,Four fresh synthetic seed rotations; equal-seed mean,Pair-weighted TS-AUC by exact online age,0.6575624|0.6740151|0.6584695|0.6268412,0.6606990|0.6795508|0.6604387|0.6298346,0.6542221,0.6576308,-0.0034087,SYNTHETIC_ONLY,Predeclared Stage-1 gate failed; exact configuration closed.,NO,This private source-report synthetic screen is not part of the code-reproducible public benchmark.
RRES-011,RPT-019,Rich nine-expert conditional bank,Gaussian AR bank; mean-shift mechanism,Four synthetic seed rotations,Candidate-minus-control pair-weighted TS-AUC,,,,,+0.0003858,SYNTHETIC_ONLY,Descriptive mechanism result; primary gate governs disposition.,NO,The overall candidate lost despite this small positive mean-shift contrast.
RRES-012,RPT-019,Rich nine-expert conditional bank,Gaussian AR bank; scale-shift mechanism,Four synthetic seed rotations,Candidate-minus-control pair-weighted TS-AUC,,,,,-0.0032210,SYNTHETIC_ONLY,Descriptive mechanism result; primary gate governs disposition.,NO,The scale-shift result was negative.
RRES-013,RPT-019,Rich nine-expert conditional bank,Gaussian AR bank; dependence-shift mechanism,Four synthetic seed rotations,Candidate-minus-control pair-weighted TS-AUC,,,,,-0.0011991,SYNTHETIC_ONLY,Descriptive mechanism result; primary gate governs disposition.,NO,The dependence-shift result was negative.
RRES-014,RPT-019,Rich nine-expert conditional bank,Gaussian AR bank; tail-shift mechanism,Four synthetic seed rotations,Candidate-minus-control pair-weighted TS-AUC,,,,,-0.0067181,SYNTHETIC_ONLY,Descriptive mechanism result; primary gate governs disposition.,NO,Tail specialists did not improve tail-shift ranking.
RRES-015,RPT-019,Rich nine-expert conditional bank,Gaussian AR bank; pooled synthetic streams,Four synthetic seed rotations,Pair-weighted TS-AUC,,,0.6536139,0.6569469,-0.0033330,SYNTHETIC_ONLY,Descriptive pooled result; primary gate governs disposition.,NO,The pooled result decreased; the auxiliary beta channel remained weak and did not override the frozen gate.
RRES-016,RPT-020,Stage-two optimizer objective for trial 41,No direct comparator; objective used for selection only,Two-fold search objective (F0/F4),Optimizer objective; not TS-AUC benchmark,,,0.6231522,,,CLOUD_PRIVATE;PARTIAL_FOLD;POST_SELECTION_CV,Used to select trial 41; complete five-fold re-evaluation below invalidated this choice.,NO,Do not compare this partial-search objective with complete five-fold results.
RRES-017,RPT-020,Stage-two trial 41,Previous causal reference trial 13,Full five-fold CV-A replay after two-fold selection,Pair-weighted TS-AUC,0.634716|0.630648|0.623739|0.639303|0.616926,0.635752|0.635926|0.629111|0.642770|0.615890,0.629066,0.631890,,CLOUD_PRIVATE;POST_SELECTION_CV,Post-selection replay; trial 41 was chosen by a two-fold objective and was not promoted.,NO,Complete folds reversed the stage-two selection ranking.
RRES-018,RPT-020,Stage-two trial 31,Previous causal reference trial 13,Full five-fold CV-A replay after two-fold selection,Pair-weighted TS-AUC,0.633564|0.631184|0.624084|0.638746|0.617405,0.635752|0.635926|0.629111|0.642770|0.615890,0.628997,0.631890,,CLOUD_PRIVATE;POST_SELECTION_CV,Post-selection replay; not promoted.,NO,Candidate mean was below the previous causal reference.
RRES-019,RPT-020,Stage-two trial 47,Previous causal reference trial 13,Full five-fold CV-A replay after two-fold selection,Pair-weighted TS-AUC,0.636764|0.634330|0.624884|0.641565|0.615773,0.635752|0.635926|0.629111|0.642770|0.615890,0.630663,0.631890,,CLOUD_PRIVATE;POST_SELECTION_CV,Post-selection replay; not promoted.,NO,Candidate mean was below the previous causal reference.
