source_record_id,source_model_family,source_data_row,source_csv_field_count,score_record_status,five_score_values_in_source_order,recorded_cv_mean,recorded_cv_std,recorded_cv_worst,recorded_robust_cv,partial_score_values_unassigned,mean_check,population_std_check,worst_score_check,exact_fold_tuple_match_in_curated_ledger,validation_protocol,benchmark_eligible
v19_centered_martingale_meta_20260921,lgbm_meta,1,29,FIVE_FOLD_SUMMARY_MISMATCH,0.6331695|0.6330629|0.6334024|0.6389682|0.6114767,0.6298795,0.0094899,0.6114767,0.6275070,,MISMATCH,MISMATCH,PASS,NO_EXACT_MATCH,NOT_RECONSTRUCTED,NO
v19_martingale_meta_20260921,lgbm_meta,2,29,FIVE_FOLD_ARITHMETICALLY_CONSISTENT,0.6330271|0.6323665|0.6333822|0.6386931|0.6114434,0.6297824,0.0094433,0.6114434,0.6274216,,PASS,PASS,PASS,NO_EXACT_MATCH,NOT_RECONSTRUCTED,NO
v19_spectral_expert_20260921,lgbm,3,33,PARTIAL_OR_UNRESOLVED,,,,,,0.6114179,NOT_ASSESSABLE,NOT_ASSESSABLE,NOT_ASSESSABLE,NOT_ASSESSABLE,NOT_RECONSTRUCTED,NO
causal_siamese_cnn_20260921,causal_siamese_cnn,4,27,PARTIAL_OR_UNRESOLVED,,,,,,0.6109278,NOT_ASSESSABLE,NOT_ASSESSABLE,NOT_ASSESSABLE,NOT_ASSESSABLE,NOT_RECONSTRUCTED,NO
v19_component_surprise_rank_20260921,lambdarank,5,28,PARTIAL_OR_UNRESOLVED,,,,,,0.6113756,NOT_ASSESSABLE,NOT_ASSESSABLE,NOT_ASSESSABLE,NOT_ASSESSABLE,NOT_RECONSTRUCTED,NO
v19_event_meta_20260921,lgbm_event_meta,6,28,PARTIAL_OR_UNRESOLVED,,,,,,0.4345614,NOT_ASSESSABLE,NOT_ASSESSABLE,NOT_ASSESSABLE,NOT_ASSESSABLE,NOT_RECONSTRUCTED,NO
v19_component_surprise_20260921,lgbm_meta,7,28,FIVE_FOLD_ARITHMETICALLY_CONSISTENT,0.6330899|0.6330087|0.6336675|0.6393538|0.6117031,0.6301646,0.0095309,0.6117031,0.6277819,,PASS,PASS,PASS,NO_EXACT_MATCH,NOT_RECONSTRUCTED,NO
v19_component_tcn_pilot_20260921,causal_tcn,8,29,PARTIAL_OR_UNRESOLVED,,,,,,0.6101553|0.5696915,NOT_ASSESSABLE,NOT_ASSESSABLE,NOT_ASSESSABLE,NOT_ASSESSABLE,NOT_RECONSTRUCTED,NO
v19_component_memory_20260921,causal_postprocess,9,29,FIVE_FOLD_ARITHMETICALLY_CONSISTENT,0.6327451|0.6321103|0.6334383|0.6388909|0.6118779,0.6298125,0.0092854,0.6118779,0.6274912,,PASS,PASS,PASS,NO_EXACT_MATCH,NOT_RECONSTRUCTED,NO
relative_time_v1,ensemble,10,29,FIVE_FOLD_ARITHMETICALLY_CONSISTENT,0.7031269|0.6849054|0.6815833|0.7063401|0.6753463,0.6902604,0.0122516,0.6753463,0.6871975,,PASS,PASS,PASS,NO_EXACT_MATCH,NOT_RECONSTRUCTED,NO
relative_time_v3_power050,ensemble,11,29,FIVE_FOLD_ARITHMETICALLY_CONSISTENT,0.7049283|0.6858903|0.6835861|0.7085763|0.6767190,0.6919400,0.0125182,0.6767190,0.6888104,,PASS,PASS,PASS,NO_EXACT_MATCH,NOT_RECONSTRUCTED,NO
relative_time_v4_power035,ensemble,12,29,FIVE_FOLD_ARITHMETICALLY_CONSISTENT,0.7052255|0.6855307|0.6837902|0.7090432|0.6768887,0.6920957,0.0126724,0.6768887,0.6889276,,PASS,PASS,PASS,NO_EXACT_MATCH,NOT_RECONSTRUCTED,NO
relative_time_v5_length_hint,ensemble,13,29,FIVE_FOLD_ARITHMETICALLY_CONSISTENT,0.7052255|0.6855307|0.6837902|0.7090432|0.6768887,0.6920957,0.0126724,0.6768887,0.6889276,,PASS,PASS,PASS,NO_EXACT_MATCH,NOT_RECONSTRUCTED,NO
relative_time_v6_lite_actual_stream,ensemble,14,28,FIVE_FOLD_ARITHMETICALLY_CONSISTENT,0.6348477|0.6323762|0.6337622|0.6407381|0.6138912,0.6311231,0.0090752,0.6138912,0.6288543,,PASS,PASS,PASS,NO_EXACT_MATCH,NOT_RECONSTRUCTED,NO
conditional_addon_v14_chrono_gamma,lgbm,15,29,FIVE_FOLD_ARITHMETICALLY_CONSISTENT,0.6348773|0.6321786|0.6338239|0.6404159|0.6137508,0.6310093,0.0090619,0.6137508,0.6287438,,PASS,PASS,PASS,NO_EXACT_MATCH,NOT_RECONSTRUCTED,NO
conditional_dart_v1,lgbm_dart,16,29,FIVE_FOLD_ARITHMETICALLY_CONSISTENT,0.6338105|0.6316820|0.6317954|0.6411575|0.6135945,0.6304080,0.0090925,0.6135945,0.6281348,,PASS,PASS,PASS,NO_EXACT_MATCH,NOT_RECONSTRUCTED,NO
conditional_mixed_50,lgbm,17,29,FIVE_FOLD_ARITHMETICALLY_CONSISTENT,0.6345209|0.6312172|0.6311344|0.6405619|0.6136135,0.6302096,0.0089784,0.6136135,0.6279650,,PASS,PASS,PASS,NO_EXACT_MATCH,NOT_RECONSTRUCTED,NO
conditional_id_weighted_v1,lgbm,18,29,FIVE_FOLD_ARITHMETICALLY_CONSISTENT,0.6358083|0.6303650|0.6331378|0.6401781|0.6141907,0.6307360,0.0088830,0.6141907,0.6285152,,PASS,PASS,PASS,NO_EXACT_MATCH,NOT_RECONSTRUCTED,NO
raw_lambdarank_fold0,lambdarank,19,29,PARTIAL_OR_UNRESOLVED,,,,,,0.5617512,NOT_ASSESSABLE,NOT_ASSESSABLE,NOT_ASSESSABLE,NOT_ASSESSABLE,NOT_RECONSTRUCTED,NO
conditional_addon_v13_prior,lgbm,20,29,FIVE_FOLD_ARITHMETICALLY_CONSISTENT,0.6354878|0.6321433|0.6341956|0.6405796|0.6139282,0.6312669,0.0091051,0.6139282,0.6289906,,PASS,PASS,PASS,NO_EXACT_MATCH,NOT_RECONSTRUCTED,NO
conditional_addon_v12_optuna_best,lgbm,21,29,FIVE_FOLD_ARITHMETICALLY_CONSISTENT,0.6341304|0.6317934|0.6320463|0.6418435|0.6144692,0.6308566,0.0089696,0.6144692,0.6286142,,PASS,PASS,PASS,NO_EXACT_MATCH,NOT_RECONSTRUCTED,NO
conditional_addon_v11_low_gamma,lgbm,22,29,FIVE_FOLD_ARITHMETICALLY_CONSISTENT,0.6334020|0.6314661|0.6302904|0.6422980|0.6125509,0.6300015,0.0096904,0.6125509,0.6275789,,PASS,PASS,PASS,NO_EXACT_MATCH,NOT_RECONSTRUCTED,NO
conditional_addon_v10_rff_expert,lgbm,23,29,FIVE_FOLD_ARITHMETICALLY_CONSISTENT,0.6338142|0.6327218|0.6295936|0.6421883|0.6119214,0.6300479,0.0099750,0.6119214,0.6275541,,PASS,PASS,PASS,NO_EXACT_MATCH,NOT_RECONSTRUCTED,NO
v23_vol_dependence,lgbm,24,31,FIVE_FOLD_ARITHMETICALLY_CONSISTENT,0.6079591794|0.5990273228|0.6022961050|0.6108590094|0.5818691491,0.6004021531,0.0101528709,0.5818691491,0.6050354042,,PASS,PASS,PASS,NO_EXACT_MATCH,NOT_RECONSTRUCTED,NO
v26_selfnorm_innovation,lgbm,25,31,FIVE_FOLD_ARITHMETICALLY_CONSISTENT,0.6030340357|0.5964298966|0.6106763591|0.6164738800|0.5953264762,0.6043881295,0.0081595073,0.5953264762,0.6066535429,,PASS,PASS,PASS,NO_EXACT_MATCH,NOT_RECONSTRUCTED,NO
v27_glr,lgbm,26,31,FIVE_FOLD_ARITHMETICALLY_CONSISTENT,0.6040413998|0.5964487002|0.6015513708|0.6202071785|0.5862984440,0.6017094186,0.0110707139,0.5862984440,0.6055621623,,PASS,PASS,PASS,NO_EXACT_MATCH,NOT_RECONSTRUCTED,NO
v29_ar_glr,lgbm,27,30,FIVE_FOLD_ARITHMETICALLY_CONSISTENT,0.6040432409|0.5857334529|0.6026594417|0.6048800448|0.5844630766,0.5963558514,0.0092278548,0.5844630766,0.5871279966,,PASS,PASS,PASS,NO_EXACT_MATCH,NOT_RECONSTRUCTED,NO
v30_distribution,lgbm,28,29,FIVE_FOLD_ARITHMETICALLY_CONSISTENT,0.6060330256|0.6020849767|0.6041123060|0.6156372837|0.5907190266,0.6037173237,0.0079902968,0.5907190266,0.5957270269,,PASS,PASS,PASS,NO_EXACT_MATCH,NOT_RECONSTRUCTED,NO
v33_tail_moments,lgbm,29,29,FIVE_FOLD_ARITHMETICALLY_CONSISTENT,0.6136682201|0.6040526699|0.6135537966|0.6199199081|0.5930862294,0.6088561648,0.0093743742,0.5930862294,0.5994817906,,PASS,PASS,PASS,NO_EXACT_MATCH,NOT_RECONSTRUCTED,NO
v33_pair05,lgbm,30,29,FIVE_FOLD_ARITHMETICALLY_CONSISTENT,0.6156165690|0.6178300990|0.6111879496|0.6295360561|0.6037451037,0.6155831555,0.0084757373,0.6037451037,0.6134642212,,PASS,PASS,PASS,NO_EXACT_MATCH,NOT_RECONSTRUCTED,NO
v35_innovation_pair05,lgbm,31,29,FIVE_FOLD_ARITHMETICALLY_CONSISTENT,0.6124908852|0.6134997521|0.6151270495|0.6284174983|0.5957704877,0.6130611346,0.0103881659,0.5957704877,0.6104640931,,PASS,PASS,PASS,NO_EXACT_MATCH,NOT_RECONSTRUCTED,NO
v36_state_rff_causal_pair05,lgbm,32,29,FIVE_FOLD_ARITHMETICALLY_CONSISTENT,0.6225520769|0.6122636732|0.6182227642|0.6227417642|0.6017714539,0.6155103465,0.0078553757,0.6017714539,0.6135465026,,PASS,PASS,PASS,NO_EXACT_MATCH,NOT_RECONSTRUCTED,NO
v36_valid_oof_blend_b,lgbm_blend,33,29,FIVE_FOLD_ARITHMETICALLY_CONSISTENT,0.6260445|0.6238621|0.6224507|0.6374477|0.6055967,0.6230803441,0.0102165801,0.6055967,0.6205261951,,PASS,PASS,PASS,NO_EXACT_MATCH,NOT_RECONSTRUCTED,NO
v41_fine_density_full,lgbm,34,29,FIVE_FOLD_ARITHMETICALLY_CONSISTENT,0.5993265129|0.6013617838|0.5999326197|0.6087422411|0.5944700477,0.6007666410,0.0046126140,0.5944700477,0.5996134875,,PASS,PASS,PASS,NO_EXACT_MATCH,NOT_RECONSTRUCTED,NO
v41_density_blend_raw035,lgbm_blend,35,29,FIVE_FOLD_ARITHMETICALLY_CONSISTENT,0.6309166655|0.6287699982|0.6287474360|0.6414263125|0.6137829627,0.6287286750,0.0088248929,0.6137829627,0.6265224517,,PASS,PASS,PASS,NO_EXACT_MATCH,NOT_RECONSTRUCTED,NO
v41_density_blend_raw025,lgbm_blend,36,29,FIVE_FOLD_ARITHMETICALLY_CONSISTENT,0.6323376225|0.6287138167|0.6287695289|0.6415499816|0.6126809954,0.6288103890,0.0093263812,0.6126809954,0.6264787937,,PASS,PASS,PASS,NO_EXACT_MATCH,NOT_RECONSTRUCTED,NO
v42_density_evidence_fold0,lgbm,37,29,PARTIAL_OR_UNRESOLVED,,,,,,0.5921726051,NOT_ASSESSABLE,NOT_ASSESSABLE,NOT_ASSESSABLE,NOT_ASSESSABLE,NOT_RECONSTRUCTED,NO
v42_evidence_only_fold0,lgbm,38,29,PARTIAL_OR_UNRESOLVED,,,,,,0.5899686875,NOT_ASSESSABLE,NOT_ASSESSABLE,NOT_ASSESSABLE,NOT_ASSESSABLE,NOT_RECONSTRUCTED,NO
v43_joint_density_full,lgbm,39,29,FIVE_FOLD_ARITHMETICALLY_CONSISTENT,0.6242851892|0.6164717888|0.6174274061|0.6309295319|0.6047057515,0.6187639335,0.0087539564,0.6047057515,0.6165754444,,PASS,PASS,PASS,NO_EXACT_MATCH,NOT_RECONSTRUCTED,NO
v43_density_blend_raw020,lgbm_blend,40,28,FIVE_FOLD_ARITHMETICALLY_CONSISTENT,0.6321509605|0.6255366330|0.6260926980|0.6399208298|0.6096652344,0.6266732711,0.0099639873,0.6096652344,0.6241822743,,PASS,PASS,PASS,NO_EXACT_MATCH,NOT_RECONSTRUCTED,NO
v30_distribution_full,lgbm,41,30,FIVE_FOLD_ARITHMETICALLY_CONSISTENT,0.6050537511|0.6111279964|0.6128812193|0.6154387993|0.5954450256,0.6079893583,0.0071449786,0.5954450256,0.6062031137,,PASS,PASS,PASS,NO_EXACT_MATCH,NOT_RECONSTRUCTED,NO
quad_blend_v30_v41_v43,lgbm_blend,42,28,FIVE_FOLD_ARITHMETICALLY_CONSISTENT,0.6334888520|0.6306876559|0.6293671196|0.6417738061|0.6123682661,0.6295371399,0.0096070271,0.6123682661,0.6271353831,,PASS,PASS,PASS,NO_EXACT_MATCH,NOT_RECONSTRUCTED,NO
conditional_addon_v2_no_prior_autoscale,lgbm_blend,43,28,FIVE_FOLD_ARITHMETICALLY_CONSISTENT,0.6341571841|0.6304336215|0.6303956191|0.6431351845|0.6122110407,0.6300665300,0.0100656320,0.6122110407,0.6275501220,,PASS,PASS,PASS,NO_EXACT_MATCH,NOT_RECONSTRUCTED,NO
conditional_addon_v3_top12_autoscale,lgbm,44,28,FIVE_FOLD_ARITHMETICALLY_CONSISTENT,0.6333701022|0.6308511425|0.6314828063|0.6439166848|0.6136634225,0.6306568316,0.0097229778,0.6136634225,0.6282260872,,PASS,PASS,PASS,NO_EXACT_MATCH,NOT_RECONSTRUCTED,NO
conditional_addon_v4_top8_autoscale,lgbm,45,29,FIVE_FOLD_ARITHMETICALLY_CONSISTENT,0.6352876036|0.6316765616|0.6331778002|0.6404008149|0.6136984909,0.6308482542,0.0090684783,0.6136984909,0.6285811346,,PASS,PASS,PASS,NO_EXACT_MATCH,NOT_RECONSTRUCTED,NO
sequential_memory_screen_20260919,postprocess_screen,46,29,FIVE_FOLD_ARITHMETICALLY_CONSISTENT,0.6352876206|0.6316765477|0.6331778096|0.6404008125|0.6136984790,0.6308482539,0.0090684797,0.6136984790,0.6285811328,,PASS,PASS,PASS,NO_EXACT_MATCH,NOT_RECONSTRUCTED,NO
rank_v4_screen_20260919,postprocess_screen,47,29,FIVE_FOLD_ARITHMETICALLY_CONSISTENT,0.6350008841|0.6321652111|0.6331266400|0.6408032250|0.6135017180,0.6309195357,0.0092102998,0.6135017180,0.6286169607,,PASS,PASS,PASS,NO_EXACT_MATCH,NOT_RECONSTRUCTED,NO
conditional_rank_top8_20260919,lambdarank,48,29,FIVE_FOLD_ARITHMETICALLY_CONSISTENT,0.6352778641|0.6316850085|0.6331864397|0.6403988696|0.6136956558,0.6308487675,0.0090687882,0.6136956558,0.6285815705,,PASS,PASS,PASS,NO_EXACT_MATCH,NOT_RECONSTRUCTED,NO
conditional_top8_step_20260919,lgbm,49,29,FIVE_FOLD_ARITHMETICALLY_CONSISTENT,0.6341313626|0.6304248070|0.6310226578|0.6411028860|0.6134731751,0.6300309777,0.0091071364,0.6134731751,0.6277541936,,PASS,PASS,PASS,NO_EXACT_MATCH,NOT_RECONSTRUCTED,NO
v4_v41_direct_20260919,postprocess_screen,50,29,FIVE_FOLD_ARITHMETICALLY_CONSISTENT,0.6351623|0.6319025|0.6332403|0.6403830|0.6138953,0.6309167,0.0089859327,0.6138953,0.6286702,,PASS,PASS,PASS,NO_EXACT_MATCH,NOT_RECONSTRUCTED,NO
conditional_top8_all_ids_20260919,lgbm,51,29,FIVE_FOLD_ARITHMETICALLY_CONSISTENT,0.6179796947|0.6093656678|0.6144580358|0.6201151958|0.6050387154,0.6133914619,0.0055384736,0.6050387154,0.6120068443,,PASS,PASS,PASS,NO_EXACT_MATCH,NOT_RECONSTRUCTED,NO
v4_gate_20260919,lgbm,52,29,FIVE_FOLD_ARITHMETICALLY_CONSISTENT,0.6303157047|0.6263121115|0.6312496602|0.6333379228|0.6133857568,0.6269202312,0.0071415932,0.6133857568,0.6251348329,,PASS,PASS,PASS,NO_EXACT_MATCH,NOT_RECONSTRUCTED,NO
conditional_stable4_top12_20260919,lgbm,53,29,FIVE_FOLD_ARITHMETICALLY_CONSISTENT,0.6352710800|0.6317201700|0.6331839600|0.6403368300|0.6137863300,0.6308596716,0.0090212951,0.6137863300,0.6286043502,,PASS,PASS,PASS,NO_EXACT_MATCH,NOT_RECONSTRUCTED,NO
conditional_catboost_top8_20260919,catboost,54,29,FIVE_FOLD_ARITHMETICALLY_CONSISTENT,0.6352433500|0.6316319100|0.6332436600|0.6402337900|0.6137205100,0.6308146444,0.0090234274,0.6137205100,0.6285587872,,PASS,PASS,PASS,NO_EXACT_MATCH,NOT_RECONSTRUCTED,NO
v4_v40_ar_20260919,postprocess_screen,55,29,FIVE_FOLD_ARITHMETICALLY_CONSISTENT,0.6353178300|0.6316414100|0.6330788300|0.6403545100|0.6136828800,0.6308150936,0.0090619550,0.6136828800,0.6285496032,,PASS,PASS,PASS,NO_EXACT_MATCH,NOT_RECONSTRUCTED,NO
conditional_top8_shallow_20260919,lgbm,56,29,FIVE_FOLD_ARITHMETICALLY_CONSISTENT,0.6251524961|0.6196021708|0.6271555600|0.6306121346|0.6146288453,0.6234302414,0.0056664353,0.6146288453,0.6220136325,,PASS,PASS,PASS,NO_EXACT_MATCH,NOT_RECONSTRUCTED,NO
conditional_top8_regular_20260919,lgbm,57,29,FIVE_FOLD_ARITHMETICALLY_CONSISTENT,0.6199147751|0.6154936425|0.6227733757|0.6255094741|0.6080844044,0.6183551344,0.0061125108,0.6080844044,0.6168270067,,PASS,PASS,PASS,NO_EXACT_MATCH,NOT_RECONSTRUCTED,NO
conditional_top8_long_20260919,lgbm,58,29,FIVE_FOLD_ARITHMETICALLY_CONSISTENT,0.6153692744|0.6072809911|0.6149807810|0.6114784252|0.5959757555,0.6090170454,0.0071423311,0.5959757555,0.6072314627,,PASS,PASS,PASS,NO_EXACT_MATCH,NOT_RECONSTRUCTED,NO
conditional_model_optuna_all5_20260920,lgbm,59,29,FIVE_FOLD_ARITHMETICALLY_CONSISTENT,0.6341770|0.6314183|0.6319851|0.6418270|0.6145390,0.6307893,0.0089354,0.6145390,0.6285554,,PASS,PASS,PASS,NO_EXACT_MATCH,NOT_RECONSTRUCTED,NO
conditional_step_gamma_optuna_20260920,OOF_postprocess,60,29,FIVE_FOLD_ARITHMETICALLY_CONSISTENT,0.6349537|0.6321922|0.6334555|0.6409250|0.6137338,0.6310520,0.0091618,0.6137338,0.6287616,,PASS,PASS,PASS,NO_EXACT_MATCH,NOT_RECONSTRUCTED,NO
expert_addon_screen_20260920,postprocess,61,29,FIVE_FOLD_ARITHMETICALLY_CONSISTENT,0.6349814|0.6321526|0.6334419|0.6409437|0.6137222,0.6310484,0.0091616,0.6137222,0.6287556,,PASS,PASS,PASS,NO_EXACT_MATCH,NOT_RECONSTRUCTED,NO
conditional_addon_v7_history_context,lgbm,62,29,FIVE_FOLD_SUMMARY_MISMATCH,0.6334326|0.6323611|0.6317800|0.6408477|0.6140197,0.6305559,0.0088586,0.6140197,0.6283673,,MISMATCH,PASS,PASS,NO_EXACT_MATCH,NOT_RECONSTRUCTED,NO
conditional_addon_v8_history_blend,lgbm,63,29,FIVE_FOLD_ARITHMETICALLY_CONSISTENT,0.6348806|0.6322889|0.6334175|0.6408931|0.6138385,0.6310637,0.0091097,0.6138385,0.6287863,,PASS,PASS,PASS,NO_EXACT_MATCH,NOT_RECONSTRUCTED,NO
conditional_addon_v9_history_context_regular,lgbm,64,29,FIVE_FOLD_ARITHMETICALLY_CONSISTENT,0.6328631|0.6314864|0.6306875|0.6416074|0.6135934,0.6300476,0.0091080,0.6135934,0.6277706,,PASS,PASS,PASS,NO_EXACT_MATCH,NOT_RECONSTRUCTED,NO
lite_context_v17_recalibration,lgbm,65,29,FIVE_FOLD_ARITHMETICALLY_CONSISTENT,0.6345068|0.6329036|0.6338222|0.6402386|0.6151011,0.6313144,0.0085032,0.6151011,0.6291887,,PASS,PASS,PASS,NO_EXACT_MATCH,NOT_RECONSTRUCTED,NO
lite_context_v18_optuna,lgbm,66,29,FIVE_FOLD_SUMMARY_MISMATCH,0.6345943|0.6330955|0.6337183|0.6405380|0.6148448,0.6313582,0.0085971,0.6148448,0.6291902,,PASS,MISMATCH,PASS,NO_EXACT_MATCH,NOT_RECONSTRUCTED,NO
lite_context_v19_peak997,lgbm,67,29,FIVE_FOLD_ARITHMETICALLY_CONSISTENT,0.6345248|0.6330355|0.6337907|0.6403745|0.6151805,0.6313812,0.0085061,0.6151805,0.6292547,,PASS,PASS,PASS,NO_EXACT_MATCH,NOT_RECONSTRUCTED,NO
contrastive_block_addon_20260920,lgbm,68,35,FIVE_FOLD_ARITHMETICALLY_CONSISTENT,0.6345613|0.6331395|0.6341551|0.6401606|0.6151325,0.6314298,0.0085087,0.6151325,0.6293026,,PASS,PASS,PASS,NO_EXACT_MATCH,NOT_RECONSTRUCTED,NO
bocpd_addon_20260920,lgbm,69,29,FIVE_FOLD_ARITHMETICALLY_CONSISTENT,0.6345448|0.6333156|0.6341051|0.6400323|0.6151932,0.6314382,0.0084622,0.6151932,0.6293226,,PASS,PASS,PASS,NO_EXACT_MATCH,NOT_RECONSTRUCTED,NO
tcn_pairwise_screen_20260920,tcn,70,29,PARTIAL_OR_UNRESOLVED,,,,,,0.5137751,NOT_ASSESSABLE,NOT_ASSESSABLE,NOT_ASSESSABLE,NOT_ASSESSABLE,NOT_RECONSTRUCTED,NO
event_hazard_screen_20260920,lgbm,71,29,PARTIAL_OR_UNRESOLVED,,,,,,0.5050399,NOT_ASSESSABLE,NOT_ASSESSABLE,NOT_ASSESSABLE,NOT_ASSESSABLE,NOT_RECONSTRUCTED,NO
v5_transfer_audit_20260920,lgbm,72,29,FIVE_FOLD_SUMMARY_MISMATCH,0.5784017|0.5818181|0.5784581|0.6000968|0.5667206,0.5810991,0.0111430,0.5667206,0.5783134,,PASS,MISMATCH,PASS,YES,NOT_RECONSTRUCTED,NO
deployment_component_tune_20260920,optuna,73,29,FIVE_FOLD_ARITHMETICALLY_CONSISTENT,0.6332044|0.6323124|0.6344440|0.6390334|0.6120233,0.6302035,0.0093800,0.6120233,0.6278585,,PASS,PASS,PASS,NO_EXACT_MATCH,NOT_RECONSTRUCTED,NO
component_meta_stack_20260920,lgbm,74,29,FIVE_FOLD_ARITHMETICALLY_CONSISTENT,0.6261060|0.6281589|0.6240769|0.6408583|0.6087493,0.6255899,0.0102556,0.6087493,0.6230260,,PASS,PASS,PASS,NO_EXACT_MATCH,NOT_RECONSTRUCTED,NO
unified_v2_direct_20260920,lgbm,75,29,FIVE_FOLD_ARITHMETICALLY_CONSISTENT,0.6248347|0.6145192|0.6170514|0.6274420|0.6109702,0.6189635,0.0062235,0.6109702,0.6174076,,PASS,PASS,PASS,NO_EXACT_MATCH,NOT_RECONSTRUCTED,NO
unified_v2_addon_20260920,lgbm,76,29,FIVE_FOLD_ARITHMETICALLY_CONSISTENT,0.6338040|0.6318226|0.6340172|0.6390782|0.6129614,0.6303367,0.0090121,0.6129614,0.6280837,,PASS,PASS,PASS,NO_EXACT_MATCH,NOT_RECONSTRUCTED,NO
residual_stack_450_20260920,lgbm,77,29,FIVE_FOLD_ARITHMETICALLY_CONSISTENT,0.6293144|0.6159633|0.6186070|0.6250394|0.6007227,0.6179293,0.0098037,0.6007227,0.6154784,,PASS,PASS,PASS,NO_EXACT_MATCH,NOT_RECONSTRUCTED,NO
prm_martingale_fold0_20260920,residual_lgbm,78,29,PARTIAL_OR_UNRESOLVED,,,,,,0.6223748,NOT_ASSESSABLE,NOT_ASSESSABLE,NOT_ASSESSABLE,NOT_ASSESSABLE,NOT_RECONSTRUCTED,NO
history_context_prior_20260920,lgbm,79,29,FIVE_FOLD_ARITHMETICALLY_CONSISTENT,0.6330170|0.6323413|0.6334667|0.6386710|0.6114274,0.6297847,0.0094498,0.6114274,0.6274222,,PASS,PASS,PASS,YES,NOT_RECONSTRUCTED,NO
catboost_v5_fold0_20260920,catboost,80,29,PARTIAL_OR_UNRESOLVED,,,,,,0.5853518,NOT_ASSESSABLE,NOT_ASSESSABLE,NOT_ASSESSABLE,NOT_ASSESSABLE,NOT_RECONSTRUCTED,NO
catboost_v5_fold0_optuna_20260920,catboost,81,29,PARTIAL_OR_UNRESOLVED,,,,,,0.5869706,NOT_ASSESSABLE,NOT_ASSESSABLE,NOT_ASSESSABLE,NOT_ASSESSABLE,NOT_RECONSTRUCTED,NO
catboost_v5_fold0_smac_20260920,catboost,82,29,PARTIAL_OR_UNRESOLVED,,,,,,0.5852159,NOT_ASSESSABLE,NOT_ASSESSABLE,NOT_ASSESSABLE,NOT_ASSESSABLE,NOT_RECONSTRUCTED,NO
xgb_v5_fold0_optuna_20260920,xgboost,83,29,PARTIAL_OR_UNRESOLVED,,,,,,0.5895990,NOT_ASSESSABLE,NOT_ASSESSABLE,NOT_ASSESSABLE,NOT_ASSESSABLE,NOT_RECONSTRUCTED,NO
xgb_v5_fold0_smac_20260920,xgboost,84,29,PARTIAL_OR_UNRESOLVED,,,,,,0.5895990,NOT_ASSESSABLE,NOT_ASSESSABLE,NOT_ASSESSABLE,NOT_ASSESSABLE,NOT_RECONSTRUCTED,NO
catboost_component_meta_fixed5_20260920,catboost,85,29,FIVE_FOLD_SUMMARY_MISMATCH,0.6298684|0.6261968|0.6235095|0.6394709|0.6079887,0.6254069,0.0112821,0.6079887,0.6225864,,PASS,MISMATCH,PASS,NO_EXACT_MATCH,NOT_RECONSTRUCTED,NO
catboost_component_meta_optuna_20260920,catboost,86,28,PARTIAL_OR_UNRESOLVED,,,,,,0.6284928,NOT_ASSESSABLE,NOT_ASSESSABLE,NOT_ASSESSABLE,NOT_ASSESSABLE,NOT_RECONSTRUCTED,NO
catboost_component_meta_smac_20260920,catboost,87,29,PARTIAL_OR_UNRESOLVED,,,,,,0.6244358,NOT_ASSESSABLE,NOT_ASSESSABLE,NOT_ASSESSABLE,NOT_ASSESSABLE,NOT_RECONSTRUCTED,NO
catboost_v5_fold4_20260920,catboost,88,29,PARTIAL_OR_UNRESOLVED,,,,,,0.5454539,NOT_ASSESSABLE,NOT_ASSESSABLE,NOT_ASSESSABLE,NOT_ASSESSABLE,NOT_RECONSTRUCTED,NO
catboost_component_meta_fold4_optuna_blend_20260920,catboost,89,29,PARTIAL_OR_UNRESOLVED,,,,,,0.6177429,NOT_ASSESSABLE,NOT_ASSESSABLE,NOT_ASSESSABLE,NOT_ASSESSABLE,NOT_RECONSTRUCTED,NO
catboost_component_meta_fold4_optuna_blend_full5_20260920,catboost,90,29,FIVE_FOLD_SUMMARY_MISMATCH,0.6259469|0.6249242|0.6278408|0.6244035|0.6366357,0.6159301,0.0047941,0.6142745,0.6246549,,MISMATCH,MISMATCH,MISMATCH,NO_EXACT_MATCH,NOT_RECONSTRUCTED,NO
current_component_formula_optuna_20260920,formula_optuna,91,29,FIVE_FOLD_ARITHMETICALLY_CONSISTENT,0.6331257|0.6321379|0.6352673|0.6387627|0.6118376,0.6302263,0.0094709,0.6118376,0.6278586,,PASS,PASS,PASS,NO_EXACT_MATCH,NOT_RECONSTRUCTED,NO
catboost_component_meta_fold4_optuna_extended_20260920,catboost,92,29,PARTIAL_OR_UNRESOLVED,,,,,,0.6177429,NOT_ASSESSABLE,NOT_ASSESSABLE,NOT_ASSESSABLE,NOT_ASSESSABLE,NOT_RECONSTRUCTED,NO
xgb_component_meta_fold4_optuna_20260920,xgb,93,29,PARTIAL_OR_UNRESOLVED,,,,,,0.6141471,NOT_ASSESSABLE,NOT_ASSESSABLE,NOT_ASSESSABLE,NOT_ASSESSABLE,NOT_RECONSTRUCTED,NO
fold4_component_formula_optuna_20260920,formula_optuna,94,29,FIVE_FOLD_ARITHMETICALLY_CONSISTENT,0.6220583|0.6283225|0.6314192|0.6337698|0.6163403,0.6263820,0.0063757,0.6163403,0.6247881,,PASS,PASS,PASS,NO_EXACT_MATCH,NOT_RECONSTRUCTED,NO
catboost_v19_blend_reduced_20260920,catboost_blend,95,33,FIVE_FOLD_SUMMARY_MISMATCH,0.6328197|0.6323815|0.6327499|0.6395241|0.6134106,0.6301771,0.0094709,0.6134106,0.6278094,,PASS,MISMATCH,PASS,NO_EXACT_MATCH,NOT_RECONSTRUCTED,NO
bocpd_current_20260920,lgbm_expert,96,29,FIVE_FOLD_ARITHMETICALLY_CONSISTENT,0.6330170|0.6323414|0.6334666|0.6386711|0.6114274,0.6297847,0.0094499,0.6114274,0.6274222,,PASS,PASS,PASS,YES,NOT_RECONSTRUCTED,NO
contrastive_current_20260920,lgbm_expert,97,29,FIVE_FOLD_ARITHMETICALLY_CONSISTENT,0.6330170|0.6323414|0.6334666|0.6386711|0.6114274,0.6297847,0.0094499,0.6114274,0.6274222,,PASS,PASS,PASS,YES,NOT_RECONSTRUCTED,NO
current_meta_gate_20260920,lgbm_meta_gate,98,29,FIVE_FOLD_ARITHMETICALLY_CONSISTENT,0.6271994|0.6328993|0.6303949|0.6379859|0.6123941,0.6281747,0.0086428,0.6123941,0.6260140,,PASS,PASS,PASS,NO_EXACT_MATCH,NOT_RECONSTRUCTED,NO
current_lambdarank_20260920,lambdarank,99,29,FIVE_FOLD_ARITHMETICALLY_CONSISTENT,0.5974842|0.6060660|0.6104413|0.6153169|0.5911134,0.6040844,0.0087443,0.5911134,0.6018983,,PASS,PASS,PASS,NO_EXACT_MATCH,NOT_RECONSTRUCTED,NO
current_context_gate_20260920,lgbm_context_gate,100,29,FIVE_FOLD_ARITHMETICALLY_CONSISTENT,0.6274126|0.6334905|0.6311524|0.6313344|0.6107220,0.6268224,0.0082842,0.6107220,0.6247513,,PASS,PASS,PASS,NO_EXACT_MATCH,NOT_RECONSTRUCTED,NO
current_context_tiny_blend_20260920,blend,101,29,FIVE_FOLD_ARITHMETICALLY_CONSISTENT,0.6330027|0.6330588|0.6333900|0.6382675|0.6116634,0.6298765,0.0093206,0.6116634,0.6275463,,PASS,PASS,PASS,NO_EXACT_MATCH,NOT_RECONSTRUCTED,NO
current_meta_postprocess_20260920,postprocess,102,29,FIVE_FOLD_ARITHMETICALLY_CONSISTENT,0.6279174|0.6334608|0.6302649|0.6386156|0.6125880,0.6285693,0.0087585,0.6125880,0.6263797,,PASS,PASS,PASS,NO_EXACT_MATCH,NOT_RECONSTRUCTED,NO
current_meta_dart_20260920,lgbm_dart,103,29,FIVE_FOLD_ARITHMETICALLY_CONSISTENT,0.6274408|0.6332875|0.6304368|0.6376106|0.6127088,0.6282969,0.0084847,0.6127088,0.6261757,,PASS,PASS,PASS,NO_EXACT_MATCH,NOT_RECONSTRUCTED,NO
catboost_component_meta_pairlogit_fold4_20260920,catboost_ranker,104,29,PARTIAL_OR_UNRESOLVED,,,,,,0.6121071,NOT_ASSESSABLE,NOT_ASSESSABLE,NOT_ASSESSABLE,NOT_ASSESSABLE,NOT_RECONSTRUCTED,NO
unified_v19_raw_head_20260920,lgbm_classifier,105,29,FIVE_FOLD_SUMMARY_MISMATCH,0.6132712|0.6091617|0.6068733|0.6339965|0.5948968,0.6111070,0.0141344,0.5948968,0.5948968,,MISMATCH,MISMATCH,PASS,NO_EXACT_MATCH,NOT_RECONSTRUCTED,NO
v19_detailed_fine_base_20260920,formula_optuna,106,29,FIVE_FOLD_ARITHMETICALLY_CONSISTENT,0.6330359|0.6331391|0.6336487|0.6390076|0.6142508,0.6306164,0.0084812,0.6142508,0.6284961,,PASS,PASS,PASS,NO_EXACT_MATCH,NOT_RECONSTRUCTED,NO
v19_detailed_fine_all_20260920,formula_optuna,107,29,FIVE_FOLD_ARITHMETICALLY_CONSISTENT,0.6333645|0.6321751|0.6337156|0.6388626|0.6127089,0.6301653,0.0090249,0.6127089,0.6279091,,PASS,PASS,PASS,NO_EXACT_MATCH,NOT_RECONSTRUCTED,NO
v19_early_head_128_20260920,lgbm_classifier,108,29,FIVE_FOLD_ARITHMETICALLY_CONSISTENT,0.6320675|0.6334673|0.6390614|0.6112418|0.6332345,0.6298145,0.0095976,0.6112418,0.6274151,,PASS,PASS,PASS,NO_EXACT_MATCH,NOT_RECONSTRUCTED,NO
v19_lambdarank_head_20260921,lightgbm_lambdarank,109,29,FIVE_FOLD_ARITHMETICALLY_CONSISTENT,0.6329266|0.6324295|0.6333047|0.6384853|0.6115483,0.6297389,0.0093543,0.6115483,0.6274003,,PASS,PASS,PASS,NO_EXACT_MATCH,NOT_RECONSTRUCTED,NO
v19_soft_hist_route_20260921,formula_route,110,29,FIVE_FOLD_ARITHMETICALLY_CONSISTENT,0.6335238|0.6332203|0.6334032|0.6391723|0.6138868,0.6306413,0.0086727,0.6138868,0.6284731,,PASS,PASS,PASS,NO_EXACT_MATCH,NOT_RECONSTRUCTED,NO
history_seeded_conformal_transfer_20260925,lightgbm_compact,111,29,FIVE_FOLD_ARITHMETICALLY_CONSISTENT,0.6058651|0.6136460|0.6133995|0.6284564|0.6071141,0.6136962,0.0080325,0.6058651,0.6058651,,PASS,PASS,PASS,NO_EXACT_MATCH,NOT_RECONSTRUCTED,NO
