candidate,protocol,metric,cv_a_folds,cv_a_mean,reduced_diagnostic,validity_labels,selection_and_limitations,evidence_label
Trial 11 history-seeded online kernel CUSUM,five-fold grouped CV-A,TS-AUC,0.6370851|0.6401268|0.6302512|0.6429819|0.6217459,0.6344382,0.5996029,VALID_EXACT_STREAM;NON_NESTED_META_CV;POST_SELECTION_CV,Exact-stream package replay; stacked fold artifacts have indirect outer-fold contamination; repeated model comparison exposed these folds. The separate official private score is recorded in official_runs.csv.,SRC-003;SRC-006;SRC-007
Trial 52 TNC residual plus temporal/sequential tau heads,five-fold grouped CV-A,TS-AUC,0.6374363|0.6392043|0.6296481|0.6429223|0.6209825,0.6340387,0.5997468,VALID_EXACT_STREAM;NON_NESTED_META_CV;POST_SELECTION_CV,"Exact-stream package replay; chained score heads consume fold-specific base predictions, so this is not an independent outer-fold estimate. Private run #18 timed out without a score.",SRC-003;SRC-006;SRC-007
Trial 11 + D3 sequential RFF exact-package replay,five-fold grouped CV-A,TS-AUC,0.6372728|0.6399994|0.6306583|0.6427938|0.6221268,0.6345702,0.6002014,VALID_EXACT_STREAM;NON_NESTED_META_CV;POST_SELECTION_CV,"Exact-stream replay of saved fold artifacts; F0/F4 informed screening and blend choice, and the upstream meta-feature path is not nested. Reduced result is a separate diagnostic.",SRC-003;SRC-006;SRC-007
Delay-DMD / Koopman operator-drift blend,research cross-fit on five grouped CV-A folds,TS-AUC,0.6385513|0.6414850|0.6309416|0.6442356|0.6229974,0.6356422,0.5918742,VALID_EXACT_STREAM;NON_NESTED_META_CV;POST_SELECTION_CV,The learned head includes the Trial 11 score as an input; it is not a standalone feature-only result. The selected CV mean did not carry to the reduced diagnostic.,SRC-003;SRC-006;SRC-007
Score-driven AR(1)/GARCH evidence,research cross-fit on five grouped CV-A folds,TS-AUC,0.637287|0.640587|0.630823|0.643015|0.622127,0.634768,0.598097,POST_SELECTION_CV,Exploratory cross-fit selected after repeated comparisons; no full package or private confirmation. The lower reduced diagnostic did not establish transfer.,SRC-003;SRC-006
Continuous Bayesian-AR context tree,research cross-fit on five grouped CV-A folds,TS-AUC,0.637524|0.640507|0.630182|0.643447|0.621892,0.634711,0.598650,POST_SELECTION_CV,Exploratory cross-fit selected after repeated comparisons; no full package or private confirmation.,SRC-003;SRC-006
History-frozen Soft-BCT-inspired gate,research cross-fit on five grouped CV-A folds,TS-AUC,0.637251|0.640365|0.630161|0.643214|0.621900,0.634578,0.598314,POST_SELECTION_CV,This was not the full variational Soft-BCT method. Exploratory cross-fit only; no full package or private confirmation.,SRC-003;SRC-006
"Monotone GRU, repeated-state BCE",research cross-fit on five grouped CV-A folds,TS-AUC,0.637108|0.640662|0.630819|0.643355|0.621638,0.634716,0.597635,POST_SELECTION_CV,Exploratory cross-fit selected after repeated comparisons; no full package or private confirmation.,SRC-003;SRC-006
"Monotone GRU, event/censoring likelihood",research cross-fit on five grouped CV-A folds,TS-AUC,0.637247|0.640350|0.630395|0.643094|0.621772,0.634572,0.599227,POST_SELECTION_CV,Exploratory cross-fit selected after repeated comparisons; no full package or private confirmation.,SRC-003;SRC-006
CRM/RuLSIF blend,research blend on five grouped CV-A folds,TS-AUC,0.6380954|0.6415956|0.6325908|0.6454472|0.6231723,0.6361802,NOT_MEASURED,NON_NESTED_META_CV;POST_SELECTION_CV,"Upstream meta-features were not fully nested against outer folds; no reduced, package, or private confirmation.",SRC-006
Post-hoc Trial 11 + Candidate 9 + VSBT blend (0.90/0.05/0.05),post-hoc blend on five grouped CV-A folds,TS-AUC,0.6380457|0.6414137|0.6330837|0.6455499|0.6234696,0.6363125,NOT_MEASURED,NON_NESTED_META_CV;POST_SELECTION_CV,"Weights and source configurations were chosen after reviewing CV-A. The upstream stacked path is contaminated; no reduced, packaged, or private evaluation was run. This is the highest recorded post-hoc local blend, not a clean result.",SRC-007;SRC-008
P2 historical-null robust-z anchor,historical grouped CV-A / reduced diagnostic,TS-AUC,0.6543855|0.6574807|0.6473490|0.6585604|0.6349055,0.6505362,0.6409083,INVALID_FUTURE_LENGTH,Historical null segment length was selected from the final online sequence length. Both values are retained only as invalid historical observations and must not be used as real-time benchmarks.,SRC-005;SRC-006
"P11 nested-weight audit, gamma 5 eta 0.015",historical grouped CV-A / reduced diagnostic,TS-AUC,0.6545890|0.6564455|0.6475342|0.6565246|0.6373908,0.6504968,0.6530942,INVALID_FUTURE_LENGTH;POST_SELECTION_CV,"Despite the “nested-weight” label, an upstream null-profile segment depended on the final online length. This configuration was one of several gamma/eta variants; do not treat either score as causal or clean.",SRC-005;SRC-006
