run_group_id,grouping_rule,source_model_family,feature_blocks,source_run_count,distinct_hypotheses,distinct_hyperparameter_sets,distinct_postprocessing_rules,source_record_ids,catalog_link_status,catalog_record_ids,catalog_link_note,validity_labels,benchmark_eligible,source_evidence_id
RUNSET-001,source_model_family + exact feature_blocks text,OOF_postprocess,composite_plus_conditional_top8,1,1,1,1,conditional_step_gamma_optuna_20260920,UNMAPPED,,"No one-to-one catalog link was verified; this is a source run group, not a new method count.",CLOUD_PRIVATE;UNKNOWN_PROVENANCE,NO,SRC-041
RUNSET-002,source_model_family + exact feature_blocks text,blend,baseline+context_tiny,1,1,1,1,current_context_tiny_blend_20260920,UNMAPPED,,"No one-to-one catalog link was verified; this is a source run group, not a new method count.",CLOUD_PRIVATE;UNKNOWN_PROVENANCE,NO,SRC-041
RUNSET-003,source_model_family + exact feature_blocks text,catboost,component_meta_derived_20,3,3,3,2,catboost_component_meta_fold4_optuna_blend_20260920;catboost_component_meta_fold4_optuna_blend_full5_20260920;catboost_component_meta_fold4_optuna_extended_20260920,UNMAPPED,,"No one-to-one catalog link was verified; this is a source run group, not a new method count.",CLOUD_PRIVATE;PARTIAL_FOLD;UNKNOWN_PROVENANCE,NO,SRC-041
RUNSET-004,source_model_family + exact feature_blocks text,catboost,component_scores_7,3,3,3,1,catboost_component_meta_fixed5_20260920;catboost_component_meta_optuna_20260920;catboost_component_meta_smac_20260920,UNMAPPED,,"No one-to-one catalog link was verified; this is a source run group, not a new method count.",CLOUD_PRIVATE;UNKNOWN_PROVENANCE;PARTIAL_FOLD,NO,SRC-041
RUNSET-005,source_model_family + exact feature_blocks text,catboost,conditional_top8,1,1,1,1,conditional_catboost_top8_20260919,UNMAPPED,,"No one-to-one catalog link was verified; this is a source run group, not a new method count.",CLOUD_PRIVATE;UNKNOWN_PROVENANCE,NO,SRC-041
RUNSET-006,source_model_family + exact feature_blocks text,catboost,v5_196,4,4,4,2,catboost_v5_fold0_20260920;catboost_v5_fold0_optuna_20260920;catboost_v5_fold0_smac_20260920;catboost_v5_fold4_20260920,DIRECT,SUP-010,Direct match to the reviewed V5 CatBoost screen.,CLOUD_PRIVATE;PARTIAL_FOLD;UNKNOWN_PROVENANCE,NO,SRC-041
RUNSET-007,source_model_family + exact feature_blocks text,catboost_blend,component_meta_derived_20_plus_v19,1,1,1,1,catboost_v19_blend_reduced_20260920,UNMAPPED,,"No one-to-one catalog link was verified; this is a source run group, not a new method count.",CLOUD_PRIVATE;UNKNOWN_PROVENANCE,NO,SRC-041
RUNSET-008,source_model_family + exact feature_blocks text,catboost_ranker,component_scores_7,1,1,1,1,catboost_component_meta_pairlogit_fold4_20260920,UNMAPPED,,"No one-to-one catalog link was verified; this is a source run group, not a new method count.",CLOUD_PRIVATE;PARTIAL_FOLD;UNKNOWN_PROVENANCE,NO,SRC-041
RUNSET-009,source_model_family + exact feature_blocks text,causal_postprocess,component_prefix_memory,1,1,1,1,v19_component_memory_20260921,UNMAPPED,,"No one-to-one catalog link was verified; this is a source run group, not a new method count.",CLOUD_PRIVATE;UNKNOWN_PROVENANCE,NO,SRC-041
RUNSET-010,source_model_family + exact feature_blocks text,causal_siamese_cnn,historical_tail_vs_causal_online,1,1,1,1,causal_siamese_cnn_20260921,DIRECT,SUP-003,Direct match to the reviewed Siamese-CNN feasibility record.,CLOUD_PRIVATE;PARTIAL_FOLD;UNKNOWN_PROVENANCE,NO,SRC-041
RUNSET-011,source_model_family + exact feature_blocks text,causal_tcn,component_sequence_13,1,1,1,1,v19_component_tcn_pilot_20260921,UNMAPPED,,"No one-to-one catalog link was verified; this is a source run group, not a new method count.",CLOUD_PRIVATE;PARTIAL_FOLD;UNKNOWN_PROVENANCE,NO,SRC-041
RUNSET-012,source_model_family + exact feature_blocks text,ensemble,composite_plus_relative_time,1,1,1,1,relative_time_v1,UNMAPPED,,"No one-to-one catalog link was verified; this is a source run group, not a new method count.",CLOUD_PRIVATE;UNKNOWN_PROVENANCE,NO,SRC-041
RUNSET-013,source_model_family + exact feature_blocks text,ensemble,composite_plus_relative_time_length_hint,1,1,1,1,relative_time_v5_length_hint,UNMAPPED,,"No one-to-one catalog link was verified; this is a source run group, not a new method count.",CLOUD_PRIVATE;UNKNOWN_PROVENANCE,NO,SRC-041
RUNSET-014,source_model_family + exact feature_blocks text,ensemble,composite_plus_relative_time_power,2,2,2,1,relative_time_v3_power050;relative_time_v4_power035,UNMAPPED,,"No one-to-one catalog link was verified; this is a source run group, not a new method count.",CLOUD_PRIVATE;UNKNOWN_PROVENANCE,NO,SRC-041
RUNSET-015,source_model_family + exact feature_blocks text,ensemble,lite_causal_components_without_relative_addon,1,1,1,1,relative_time_v6_lite_actual_stream,UNMAPPED,,"No one-to-one catalog link was verified; this is a source run group, not a new method count.",CLOUD_PRIVATE;UNKNOWN_PROVENANCE,NO,SRC-041
RUNSET-016,source_model_family + exact feature_blocks text,formula_optuna,component_formula_7,2,2,2,2,current_component_formula_optuna_20260920;fold4_component_formula_optuna_20260920,UNMAPPED,,"No one-to-one catalog link was verified; this is a source run group, not a new method count.",CLOUD_PRIVATE;UNKNOWN_PROVENANCE,NO,SRC-041
RUNSET-017,source_model_family + exact feature_blocks text,formula_optuna,v19_inner_experts,1,1,1,1,v19_detailed_fine_base_20260920,UNMAPPED,,"No one-to-one catalog link was verified; this is a source run group, not a new method count.",CLOUD_PRIVATE;UNKNOWN_PROVENANCE,NO,SRC-041
RUNSET-018,source_model_family + exact feature_blocks text,formula_optuna,v19_inner_plus_top,1,1,1,1,v19_detailed_fine_all_20260920,UNMAPPED,,"No one-to-one catalog link was verified; this is a source run group, not a new method count.",CLOUD_PRIVATE;UNKNOWN_PROVENANCE,NO,SRC-041
RUNSET-019,source_model_family + exact feature_blocks text,formula_route,soft_hist_cluster_v33_tail,1,1,1,1,v19_soft_hist_route_20260921,UNMAPPED,,"No one-to-one catalog link was verified; this is a source run group, not a new method count.",CLOUD_PRIVATE;UNKNOWN_PROVENANCE,NO,SRC-041
RUNSET-020,source_model_family + exact feature_blocks text,lambdarank,all_current_meta_features,1,1,1,1,raw_lambdarank_fold0,RELATED,CAT-124,Related LambdaRank objective; the recorded all-feature fold-0 screen is a distinct configuration.,CLOUD_PRIVATE;PARTIAL_FOLD;UNKNOWN_PROVENANCE,NO,SRC-041
RUNSET-021,source_model_family + exact feature_blocks text,lambdarank,component_meta_21,1,1,1,1,current_lambdarank_20260920,RELATED,CAT-124,Related same-step LambdaRank objective; the recorded 21-component configuration is distinct.,CLOUD_PRIVATE;UNKNOWN_PROVENANCE,NO,SRC-041
RUNSET-022,source_model_family + exact feature_blocks text,lambdarank,conditional_top8,1,1,1,1,conditional_rank_top8_20260919,UNMAPPED,,"No one-to-one catalog link was verified; this is a source run group, not a new method count.",CLOUD_PRIVATE;UNKNOWN_PROVENANCE,NO,SRC-041
RUNSET-023,source_model_family + exact feature_blocks text,lambdarank,v19_components_prefix_mean_std_delta,1,1,1,1,v19_component_surprise_rank_20260921,UNMAPPED,,"No one-to-one catalog link was verified; this is a source run group, not a new method count.",CLOUD_PRIVATE;PARTIAL_FOLD;UNKNOWN_PROVENANCE,NO,SRC-041
RUNSET-024,source_model_family + exact feature_blocks text,lgbm,450_causal_features,1,1,1,1,unified_v2_direct_20260920,UNMAPPED,,"No one-to-one catalog link was verified; this is a source run group, not a new method count.",CLOUD_PRIVATE;UNKNOWN_PROVENANCE,NO,SRC-041
RUNSET-025,source_model_family + exact feature_blocks text,lgbm,AR8 residual dependence across lags/windows,1,1,1,1,v23_vol_dependence,UNMAPPED,,"No one-to-one catalog link was verified; this is a source run group, not a new method count.",CLOUD_PRIVATE;UNKNOWN_PROVENANCE,NO,SRC-041
RUNSET-026,source_model_family + exact feature_blocks text,lgbm,bocpd_run_length,1,1,1,1,bocpd_addon_20260920,DIRECT,SUP-001,Direct match to the reviewed BOCPD run-length feature record.,CLOUD_PRIVATE;UNKNOWN_PROVENANCE,NO,SRC-041
RUNSET-027,source_model_family + exact feature_blocks text,lgbm,causal DGP-normalized innovation residuals and dependence summaries,1,1,1,1,v35_innovation_pair05,UNMAPPED,,"No one-to-one catalog link was verified; this is a source run group, not a new method count.",CLOUD_PRIVATE;UNKNOWN_PROVENANCE,NO,SRC-041
RUNSET-028,source_model_family + exact feature_blocks text,lgbm,causal V33 tail moments with lower pair-weight exponent,1,1,1,1,v33_pair05,UNMAPPED,,"No one-to-one catalog link was verified; this is a source run group, not a new method count.",CLOUD_PRIVATE;UNKNOWN_PROVENANCE,NO,SRC-041
RUNSET-029,source_model_family + exact feature_blocks text,lgbm,causal history-tail empirical CDF moments and AR residual rolling moments,1,1,1,1,v33_tail_moments,UNMAPPED,,"No one-to-one catalog link was verified; this is a source run group, not a new method count.",CLOUD_PRIVATE;UNKNOWN_PROVENANCE,NO,SRC-041
RUNSET-030,source_model_family + exact feature_blocks text,lgbm,causal rolling AR coefficient GLR,1,1,1,1,v29_ar_glr,UNMAPPED,,"No one-to-one catalog link was verified; this is a source run group, not a new method count.",CLOUD_PRIVATE;UNKNOWN_PROVENANCE,NO,SRC-041
RUNSET-031,source_model_family + exact feature_blocks text,lgbm,causal rolling histogram JS/CvM/TV and historical residual log-likelihood,1,1,1,1,v30_distribution,UNMAPPED,,"No one-to-one catalog link was verified; this is a source run group, not a new method count.",CLOUD_PRIVATE;UNKNOWN_PROVENANCE,NO,SRC-041
RUNSET-032,source_model_family + exact feature_blocks text,lgbm,causal rolling mean/variance GLR and residual dependence,1,1,1,1,v27_glr,UNMAPPED,,"No one-to-one catalog link was verified; this is a source run group, not a new method count.",CLOUD_PRIVATE;UNKNOWN_PROVENANCE,NO,SRC-041
RUNSET-033,source_model_family + exact feature_blocks text,lgbm,causal state-space RFF-MMD distances on historical-normalized states,1,1,1,1,v36_state_rff_causal_pair05,UNMAPPED,,"No one-to-one catalog link was verified; this is a source run group, not a new method count.",CLOUD_PRIVATE;UNKNOWN_PROVENANCE,NO,SRC-041
RUNSET-034,source_model_family + exact feature_blocks text,lgbm,causal_density_evidence_only,1,1,1,1,v42_evidence_only_fold0,UNMAPPED,,"No one-to-one catalog link was verified; this is a source run group, not a new method count.",CLOUD_PRIVATE;PARTIAL_FOLD;UNKNOWN_PROVENANCE,NO,SRC-041
RUNSET-035,source_model_family + exact feature_blocks text,lgbm,causal_histogram_density,1,1,1,1,v30_distribution_full,UNMAPPED,,"No one-to-one catalog link was verified; this is a source run group, not a new method count.",CLOUD_PRIVATE;UNKNOWN_PROVENANCE,NO,SRC-041
RUNSET-036,source_model_family + exact feature_blocks text,lgbm,chronological_gamma_screen,1,1,1,1,conditional_addon_v14_chrono_gamma,UNMAPPED,,"No one-to-one catalog link was verified; this is a source run group, not a new method count.",CLOUD_PRIVATE;UNKNOWN_PROVENANCE,NO,SRC-041
RUNSET-037,source_model_family + exact feature_blocks text,lgbm,conditional_clipped_plus_history_context,1,1,1,1,conditional_addon_v8_history_blend,UNMAPPED,,"No one-to-one catalog link was verified; this is a source run group, not a new method count.",CLOUD_PRIVATE;UNKNOWN_PROVENANCE,NO,SRC-041
RUNSET-038,source_model_family + exact feature_blocks text,lgbm,conditional_top8,1,1,1,1,conditional_top8_all_ids_20260919,UNMAPPED,,"No one-to-one catalog link was verified; this is a source run group, not a new method count.",CLOUD_PRIVATE;UNKNOWN_PROVENANCE,NO,SRC-041
RUNSET-039,source_model_family + exact feature_blocks text,lgbm,conditional_top8_clipped,1,1,1,1,conditional_model_optuna_all5_20260920,UNMAPPED,,"No one-to-one catalog link was verified; this is a source run group, not a new method count.",CLOUD_PRIVATE;UNKNOWN_PROVENANCE,NO,SRC-041
RUNSET-040,source_model_family + exact feature_blocks text,lgbm,conditional_top8_history_context,1,1,1,1,conditional_addon_v7_history_context,UNMAPPED,,"No one-to-one catalog link was verified; this is a source run group, not a new method count.",CLOUD_PRIVATE;UNKNOWN_PROVENANCE,NO,SRC-041
RUNSET-041,source_model_family + exact feature_blocks text,lgbm,conditional_top8_history_context_regular,1,1,1,1,conditional_addon_v9_history_context_regular,UNMAPPED,,"No one-to-one catalog link was verified; this is a source run group, not a new method count.",CLOUD_PRIVATE;UNKNOWN_PROVENANCE,NO,SRC-041
RUNSET-042,source_model_family + exact feature_blocks text,lgbm,conditional_top8_plus_step,1,1,1,1,conditional_top8_step_20260919,UNMAPPED,,"No one-to-one catalog link was verified; this is a source run group, not a new method count.",CLOUD_PRIVATE;UNKNOWN_PROVENANCE,NO,SRC-041
RUNSET-043,source_model_family + exact feature_blocks text,lgbm,contrastive_adjacent_robust,1,1,1,1,contrastive_block_addon_20260920,DIRECT,SUP-002,Direct match to the reviewed contrastive window-gap record.,CLOUD_PRIVATE;UNKNOWN_PROVENANCE,NO,SRC-041
RUNSET-044,source_model_family + exact feature_blocks text,lgbm,historical_and_AR_residual_density_evidence,1,1,1,1,v42_density_evidence_fold0,UNMAPPED,,"No one-to-one catalog link was verified; this is a source run group, not a new method count.",CLOUD_PRIVATE;PARTIAL_FOLD;UNKNOWN_PROVENANCE,NO,SRC-041
RUNSET-045,source_model_family + exact feature_blocks text,lgbm,historical_context_74,1,1,1,1,history_context_prior_20260920,UNMAPPED,,"No one-to-one catalog link was verified; this is a source run group, not a new method count.",CLOUD_PRIVATE;UNKNOWN_PROVENANCE,NO,SRC-041
RUNSET-046,source_model_family + exact feature_blocks text,lgbm,history_context,1,1,1,1,conditional_addon_v11_low_gamma,UNMAPPED,,"No one-to-one catalog link was verified; this is a source run group, not a new method count.",CLOUD_PRIVATE;UNKNOWN_PROVENANCE,NO,SRC-041
RUNSET-047,source_model_family + exact feature_blocks text,lgbm,lite_context_v14_causal_running_mean,1,1,1,1,lite_context_v17_recalibration,UNMAPPED,,"No one-to-one catalog link was verified; this is a source run group, not a new method count.",CLOUD_PRIVATE;UNKNOWN_PROVENANCE,NO,SRC-041
RUNSET-048,source_model_family + exact feature_blocks text,lgbm,lite_context_v17_causal_formula,1,1,1,1,lite_context_v18_optuna,UNMAPPED,,"No one-to-one catalog link was verified; this is a source run group, not a new method count.",CLOUD_PRIVATE;UNKNOWN_PROVENANCE,NO,SRC-041
RUNSET-049,source_model_family + exact feature_blocks text,lgbm,lite_context_v17_causal_running_mean,1,1,1,1,lite_context_v19_peak997,UNMAPPED,,"No one-to-one catalog link was verified; this is a source run group, not a new method count.",CLOUD_PRIVATE;UNKNOWN_PROVENANCE,NO,SRC-041
RUNSET-050,source_model_family + exact feature_blocks text,lgbm,meta_plus_rff_ar_tail_residual,1,1,1,1,conditional_addon_v10_rff_expert,UNMAPPED,,"No one-to-one catalog link was verified; this is a source run group, not a new method count.",CLOUD_PRIVATE;UNKNOWN_PROVENANCE,NO,SRC-041
RUNSET-051,source_model_family + exact feature_blocks text,lgbm,meta_top8_plus_history_prior,1,1,1,1,conditional_addon_v13_prior,UNMAPPED,,"No one-to-one catalog link was verified; this is a source run group, not a new method count.",CLOUD_PRIVATE;UNKNOWN_PROVENANCE,NO,SRC-041
RUNSET-052,source_model_family + exact feature_blocks text,lgbm,meta_top8_regularized,1,1,1,1,conditional_addon_v12_optuna_best,UNMAPPED,,"No one-to-one catalog link was verified; this is a source run group, not a new method count.",CLOUD_PRIVATE;UNKNOWN_PROVENANCE,NO,SRC-041
RUNSET-053,source_model_family + exact feature_blocks text,lgbm,raw_and_AR_residual_log_density,1,1,1,1,v41_fine_density_full,UNMAPPED,,"No one-to-one catalog link was verified; this is a source run group, not a new method count.",CLOUD_PRIVATE;UNKNOWN_PROVENANCE,NO,SRC-041
RUNSET-054,source_model_family + exact feature_blocks text,lgbm,self-normalized AR8 innovation volatility,1,1,1,1,v26_selfnorm_innovation,UNMAPPED,,"No one-to-one catalog link was verified; this is a source run group, not a new method count.",CLOUD_PRIVATE;UNKNOWN_PROVENANCE,NO,SRC-041
RUNSET-055,source_model_family + exact feature_blocks text,lgbm,spectral_power_ratios,1,1,1,1,v19_spectral_expert_20260921,UNMAPPED,,"No one-to-one catalog link was verified; this is a source run group, not a new method count.",CLOUD_PRIVATE;PARTIAL_FOLD;UNKNOWN_PROVENANCE,NO,SRC-041
RUNSET-056,source_model_family + exact feature_blocks text,lgbm,stable_min_4_of_5,1,1,1,1,conditional_stable4_top12_20260919,UNMAPPED,,"No one-to-one catalog link was verified; this is a source run group, not a new method count.",CLOUD_PRIVATE;UNKNOWN_PROVENANCE,NO,SRC-041
RUNSET-057,source_model_family + exact feature_blocks text,lgbm,top12_capacity,1,1,1,1,conditional_addon_v3_top12_autoscale,UNMAPPED,,"No one-to-one catalog link was verified; this is a source run group, not a new method count.",CLOUD_PRIVATE;UNKNOWN_PROVENANCE,NO,SRC-041
RUNSET-058,source_model_family + exact feature_blocks text,lgbm,top8_capacity,4,4,4,1,conditional_addon_v4_top8_autoscale;conditional_top8_shallow_20260919;conditional_top8_regular_20260919;conditional_top8_long_20260919,UNMAPPED,,"No one-to-one catalog link was verified; this is a source run group, not a new method count.",CLOUD_PRIVATE;UNKNOWN_PROVENANCE,NO,SRC-041
RUNSET-059,source_model_family + exact feature_blocks text,lgbm,top8_id_weighted,1,1,1,1,conditional_id_weighted_v1,UNMAPPED,,"No one-to-one catalog link was verified; this is a source run group, not a new method count.",CLOUD_PRIVATE;UNKNOWN_PROVENANCE,NO,SRC-041
RUNSET-060,source_model_family + exact feature_blocks text,lgbm,top8_with_no_break_samples,1,1,1,1,conditional_mixed_50,UNMAPPED,,"No one-to-one catalog link was verified; this is a source run group, not a new method count.",CLOUD_PRIVATE;UNKNOWN_PROVENANCE,NO,SRC-041
RUNSET-061,source_model_family + exact feature_blocks text,lgbm,top_current_features_plus_v41_density,1,1,1,1,v43_joint_density_full,UNMAPPED,,"No one-to-one catalog link was verified; this is a source run group, not a new method count.",CLOUD_PRIVATE;UNKNOWN_PROVENANCE,NO,SRC-041
RUNSET-062,source_model_family + exact feature_blocks text,lgbm,v19_causal_components,1,1,1,1,component_meta_stack_20260920,UNMAPPED,,"No one-to-one catalog link was verified; this is a source run group, not a new method count.",CLOUD_PRIVATE;UNKNOWN_PROVENANCE,NO,SRC-041
RUNSET-063,source_model_family + exact feature_blocks text,lgbm,v19_oof_plus_450_causal_features,1,1,1,1,residual_stack_450_20260920,UNMAPPED,,"No one-to-one catalog link was verified; this is a source run group, not a new method count.",CLOUD_PRIVATE;UNKNOWN_PROVENANCE,NO,SRC-041
RUNSET-064,source_model_family + exact feature_blocks text,lgbm,v19_plus_450_causal_features,1,1,1,1,unified_v2_addon_20260920,UNMAPPED,,"No one-to-one catalog link was verified; this is a source run group, not a new method count.",CLOUD_PRIVATE;UNKNOWN_PROVENANCE,NO,SRC-041
RUNSET-065,source_model_family + exact feature_blocks text,lgbm,v4_composite_conditional_context,1,1,1,1,v4_gate_20260919,UNMAPPED,,"No one-to-one catalog link was verified; this is a source run group, not a new method count.",CLOUD_PRIVATE;UNKNOWN_PROVENANCE,NO,SRC-041
RUNSET-066,source_model_family + exact feature_blocks text,lgbm,v5_causal_features,2,2,2,2,event_hazard_screen_20260920;v5_transfer_audit_20260920,RELATED,CAT-065;SUP-009,Combines two hypotheses: the event-hazard member is related to CAT-065 and the saved V5 transfer member maps to SUP-009. This shared feature-block group is not one distinct method.,CLOUD_PRIVATE;PARTIAL_FOLD;UNKNOWN_PROVENANCE,NO,SRC-041
RUNSET-067,source_model_family + exact feature_blocks text,lgbm_blend,base_v30_v41_v43,1,1,1,1,quad_blend_v30_v41_v43,UNMAPPED,,"No one-to-one catalog link was verified; this is a source run group, not a new method count.",CLOUD_PRIVATE;UNKNOWN_PROVENANCE,NO,SRC-041
RUNSET-068,source_model_family + exact feature_blocks text,lgbm_blend,base_v30_v41_v43_conditional,1,1,1,1,conditional_addon_v2_no_prior_autoscale,UNMAPPED,,"No one-to-one catalog link was verified; this is a source run group, not a new method count.",CLOUD_PRIVATE;UNKNOWN_PROVENANCE,NO,SRC-041
RUNSET-069,source_model_family + exact feature_blocks text,lgbm_blend,current_joint_plus_v41,2,1,2,1,v41_density_blend_raw035;v41_density_blend_raw025,UNMAPPED,,"No one-to-one catalog link was verified; this is a source run group, not a new method count.",CLOUD_PRIVATE;UNKNOWN_PROVENANCE,NO,SRC-041
RUNSET-070,source_model_family + exact feature_blocks text,lgbm_blend,current_joint_plus_v43,1,1,1,1,v43_density_blend_raw020,UNMAPPED,,"No one-to-one catalog link was verified; this is a source run group, not a new method count.",CLOUD_PRIVATE;UNKNOWN_PROVENANCE,NO,SRC-041
RUNSET-071,source_model_family + exact feature_blocks text,lgbm_blend,v33/v35/history/v36/B,1,1,1,1,v36_valid_oof_blend_b,UNMAPPED,,"No one-to-one catalog link was verified; this is a source run group, not a new method count.",CLOUD_PRIVATE;UNKNOWN_PROVENANCE,NO,SRC-041
RUNSET-072,source_model_family + exact feature_blocks text,lgbm_classifier,causal_early_head_13,1,1,1,1,v19_early_head_128_20260920,UNMAPPED,,"No one-to-one catalog link was verified; this is a source run group, not a new method count.",CLOUD_PRIVATE;UNKNOWN_PROVENANCE,NO,SRC-041
RUNSET-073,source_model_family + exact feature_blocks text,lgbm_classifier,causal_raw_top160,1,1,1,1,unified_v19_raw_head_20260920,UNMAPPED,,"No one-to-one catalog link was verified; this is a source run group, not a new method count.",CLOUD_PRIVATE;UNKNOWN_PROVENANCE,NO,SRC-041
RUNSET-074,source_model_family + exact feature_blocks text,lgbm_context_gate,component_meta_21+history_context_18,1,1,1,1,current_context_gate_20260920,UNMAPPED,,"No one-to-one catalog link was verified; this is a source run group, not a new method count.",CLOUD_PRIVATE;UNKNOWN_PROVENANCE,NO,SRC-041
RUNSET-075,source_model_family + exact feature_blocks text,lgbm_dart,component_meta_21,1,1,1,1,current_meta_dart_20260920,UNMAPPED,,"No one-to-one catalog link was verified; this is a source run group, not a new method count.",CLOUD_PRIVATE;UNKNOWN_PROVENANCE,NO,SRC-041
RUNSET-076,source_model_family + exact feature_blocks text,lgbm_dart,top8_clipped,1,1,1,1,conditional_dart_v1,UNMAPPED,,"No one-to-one catalog link was verified; this is a source run group, not a new method count.",CLOUD_PRIVATE;UNKNOWN_PROVENANCE,NO,SRC-041
RUNSET-077,source_model_family + exact feature_blocks text,lgbm_event_meta,v19_components_plus_causal_deltas,1,1,1,1,v19_event_meta_20260921,UNMAPPED,,"No one-to-one catalog link was verified; this is a source run group, not a new method count.",CLOUD_PRIVATE;PARTIAL_FOLD;UNKNOWN_PROVENANCE,NO,SRC-041
RUNSET-078,source_model_family + exact feature_blocks text,lgbm_expert,bocpd_ar4_64,1,1,1,1,bocpd_current_20260920,RELATED,SUP-001,Related BOCPD run-length evidence with a distinct AR4/64 feature specification.,CLOUD_PRIVATE;UNKNOWN_PROVENANCE,NO,SRC-041
RUNSET-079,source_model_family + exact feature_blocks text,lgbm_expert,contrastive_blocks_43,1,1,1,1,contrastive_current_20260920,RELATED,SUP-002,Related contrastive representation with a distinct block specification.,CLOUD_PRIVATE;UNKNOWN_PROVENANCE,NO,SRC-041
RUNSET-080,source_model_family + exact feature_blocks text,lgbm_meta,centered_prm_eprocess_92,1,1,1,1,v19_centered_martingale_meta_20260921,UNMAPPED,,"No one-to-one catalog link was verified; this is a source run group, not a new method count.",CLOUD_PRIVATE;UNKNOWN_PROVENANCE,NO,SRC-041
RUNSET-081,source_model_family + exact feature_blocks text,lgbm_meta,prm_eprocess_62,1,1,1,1,v19_martingale_meta_20260921,UNMAPPED,,"No one-to-one catalog link was verified; this is a source run group, not a new method count.",CLOUD_PRIVATE;UNKNOWN_PROVENANCE,NO,SRC-041
RUNSET-082,source_model_family + exact feature_blocks text,lgbm_meta,v19_components_prefix_mean_std_delta,1,1,1,1,v19_component_surprise_20260921,UNMAPPED,,"No one-to-one catalog link was verified; this is a source run group, not a new method count.",CLOUD_PRIVATE;UNKNOWN_PROVENANCE,NO,SRC-041
RUNSET-083,source_model_family + exact feature_blocks text,lgbm_meta_gate,component_bocpd_contrastive,1,1,1,1,current_meta_gate_20260920,UNMAPPED,,"No one-to-one catalog link was verified; this is a source run group, not a new method count.",CLOUD_PRIVATE;UNKNOWN_PROVENANCE,NO,SRC-041
RUNSET-084,source_model_family + exact feature_blocks text,lightgbm_compact,p2_aux_plus_crm,1,1,1,1,history_seeded_conformal_transfer_20260925,UNMAPPED,,"No one-to-one catalog link was verified; this is a source run group, not a new method count.",CLOUD_PRIVATE;UNKNOWN_PROVENANCE,NO,SRC-041
RUNSET-085,source_model_family + exact feature_blocks text,lightgbm_lambdarank,causal_same_step_ranker_13,1,1,1,1,v19_lambdarank_head_20260921,DIRECT,CAT-124,Direct match to the same-step LambdaRank head record.,CLOUD_PRIVATE;UNKNOWN_PROVENANCE,NO,SRC-041
RUNSET-086,source_model_family + exact feature_blocks text,optuna,v19_causal_components,1,1,1,1,deployment_component_tune_20260920,UNMAPPED,,"No one-to-one catalog link was verified; this is a source run group, not a new method count.",CLOUD_PRIVATE;UNKNOWN_PROVENANCE,NO,SRC-041
RUNSET-087,source_model_family + exact feature_blocks text,postprocess,component_meta_gate,1,1,1,1,current_meta_postprocess_20260920,UNMAPPED,,"No one-to-one catalog link was verified; this is a source run group, not a new method count.",CLOUD_PRIVATE;UNKNOWN_PROVENANCE,NO,SRC-041
RUNSET-088,source_model_family + exact feature_blocks text,postprocess,current_plus_existing_experts,1,1,1,1,expert_addon_screen_20260920,UNMAPPED,,"No one-to-one catalog link was verified; this is a source run group, not a new method count.",CLOUD_PRIVATE;UNKNOWN_PROVENANCE,NO,SRC-041
RUNSET-089,source_model_family + exact feature_blocks text,postprocess_screen,conditional_v2_v4,1,1,1,1,sequential_memory_screen_20260919,UNMAPPED,,"No one-to-one catalog link was verified; this is a source run group, not a new method count.",CLOUD_PRIVATE;UNKNOWN_PROVENANCE,NO,SRC-041
RUNSET-090,source_model_family + exact feature_blocks text,postprocess_screen,conditional_v4_rank_normalized,1,1,1,1,rank_v4_screen_20260919,UNMAPPED,,"No one-to-one catalog link was verified; this is a source run group, not a new method count.",CLOUD_PRIVATE;UNKNOWN_PROVENANCE,NO,SRC-041
RUNSET-091,source_model_family + exact feature_blocks text,postprocess_screen,v4_plus_v40_ar,1,1,1,1,v4_v40_ar_20260919,UNMAPPED,,"No one-to-one catalog link was verified; this is a source run group, not a new method count.",CLOUD_PRIVATE;UNKNOWN_PROVENANCE,NO,SRC-041
RUNSET-092,source_model_family + exact feature_blocks text,postprocess_screen,v4_plus_v41_direct,1,1,1,1,v4_v41_direct_20260919,UNMAPPED,,"No one-to-one catalog link was verified; this is a source run group, not a new method count.",CLOUD_PRIVATE;UNKNOWN_PROVENANCE,NO,SRC-041
RUNSET-093,source_model_family + exact feature_blocks text,residual_lgbm,historical_rank_logwealth,1,1,1,1,prm_martingale_fold0_20260920,UNMAPPED,,"No one-to-one catalog link was verified; this is a source run group, not a new method count.",CLOUD_PRIVATE;PARTIAL_FOLD;UNKNOWN_PROVENANCE,NO,SRC-041
RUNSET-094,source_model_family + exact feature_blocks text,tcn,causal_raw_sequence,1,1,1,1,tcn_pairwise_screen_20260920,UNMAPPED,,"No one-to-one catalog link was verified; this is a source run group, not a new method count.",CLOUD_PRIVATE;PARTIAL_FOLD;UNKNOWN_PROVENANCE,NO,SRC-041
RUNSET-095,source_model_family + exact feature_blocks text,xgb,component_meta_derived_20,1,1,1,1,xgb_component_meta_fold4_optuna_20260920,UNMAPPED,,"No one-to-one catalog link was verified; this is a source run group, not a new method count.",CLOUD_PRIVATE;PARTIAL_FOLD;UNKNOWN_PROVENANCE,NO,SRC-041
RUNSET-096,source_model_family + exact feature_blocks text,xgboost,v5_196,2,2,2,1,xgb_v5_fold0_optuna_20260920;xgb_v5_fold0_smac_20260920,DIRECT,SUP-011,Direct match to the reviewed V5 XGBoost screen.,CLOUD_PRIVATE;PARTIAL_FOLD;UNKNOWN_PROVENANCE,NO,SRC-041
