source_record_id,source_data_row,run_group_id,source_model_family,feature_blocks,source_hypothesis,recorded_hyperparameters,recorded_postprocessing,catalog_link_status,catalog_record_ids,catalog_link_note,score_record_status,validity_labels,benchmark_eligible,source_evidence_id
v19_centered_martingale_meta_20260921,1,RUNSET-080,lgbm_meta,centered_prm_eprocess_92,Centered empirical-rank e-process features with corrected rank centering and variance payoffs,rounds=45;leaves=31;min_child=1000;threads=4;best_alpha=.10,blend_0.10,UNMAPPED,,No one-to-one catalog link was verified; this run remains represented by its source run-group record.,FIVE_FOLD_SUMMARY_MISMATCH,CLOUD_PRIVATE;UNKNOWN_PROVENANCE,NO,SRC-041
v19_martingale_meta_20260921,2,RUNSET-081,lgbm_meta,prm_eprocess_62,Historical-rank e-process features directly in V19 meta-head,rounds=45;leaves=31;min_child=1000;threads=4;best_alpha=.01,blend_0.01,UNMAPPED,,No one-to-one catalog link was verified; this run remains represented by its source run-group record.,FIVE_FOLD_ARITHMETICALLY_CONSISTENT,CLOUD_PRIVATE;UNKNOWN_PROVENANCE,NO,SRC-041
v19_spectral_expert_20260921,3,RUNSET-055,lgbm,spectral_power_ratios,Causal historical-vs-online spectral power ratios should detect oscillatory breaks;fold4_only;periods=4,8,16,UNMAPPED,,No one-to-one catalog link was verified; this run remains represented by its source run-group record.,PARTIAL_OR_UNRESOLVED,CLOUD_PRIVATE;PARTIAL_FOLD;UNKNOWN_PROVENANCE,NO,SRC-041
causal_siamese_cnn_20260921,4,RUNSET-010,causal_siamese_cnn,historical_tail_vs_causal_online,Strictly causal reference-versus-online CNN discrepancy;fold4_only;window=64;epochs=2;batch=8192;cuda,blend_0.01,N/A,DIRECT,SUP-003,Direct match to the reviewed Siamese-CNN feasibility record.,PARTIAL_OR_UNRESOLVED,CLOUD_PRIVATE;PARTIAL_FOLD;UNKNOWN_PROVENANCE,NO,SRC-041
v19_component_surprise_rank_20260921,5,RUNSET-023,lambdarank,v19_components_prefix_mean_std_delta,Same-step LambdaRank over causal prefix features;fold4_only;rounds=45;leaves=31;threads=4,blend_0.01,N/A,UNMAPPED,,No one-to-one catalog link was verified; this run remains represented by its source run-group record.,PARTIAL_OR_UNRESOLVED,CLOUD_PRIVATE;PARTIAL_FOLD;UNKNOWN_PROVENANCE,NO,SRC-041
v19_event_meta_20260921,6,RUNSET-077,lgbm_event_meta,v19_components_plus_causal_deltas,Exact tau event hazard should improve irreversible ranking;fold4_only;rounds=45;leaves=31;threads=4,none,N/A,UNMAPPED,,No one-to-one catalog link was verified; this run remains represented by its source run-group record.,PARTIAL_OR_UNRESOLVED,CLOUD_PRIVATE;PARTIAL_FOLD;UNKNOWN_PROVENANCE,NO,SRC-041
v19_component_surprise_20260921,7,RUNSET-082,lgbm_meta,v19_components_prefix_mean_std_delta,Within-ID causal prefix normalization should expose component changes;rounds=45;leaves=31;min_child=1000;alpha=.20;threads=4,blend_0.20,0.6330899,UNMAPPED,,No one-to-one catalog link was verified; this run remains represented by its source run-group record.,FIVE_FOLD_ARITHMETICALLY_CONSISTENT,CLOUD_PRIVATE;UNKNOWN_PROVENANCE,NO,SRC-041
v19_component_tcn_pilot_20260921,8,RUNSET-011,causal_tcn,component_sequence_13,Causal TCN over V19 component trajectory; fold 4 pilot rejected before full CV,window=64;epochs=2;channels=48;pair_bce=.10;threads=4;cuda,blend_0.02,UNMAPPED,,No one-to-one catalog link was verified; this run remains represented by its source run-group record.,PARTIAL_OR_UNRESOLVED,CLOUD_PRIVATE;PARTIAL_FOLD;UNKNOWN_PROVENANCE,NO,SRC-041
v19_component_memory_20260921,9,RUNSET-009,causal_postprocess,component_prefix_memory,Component-level prefix maxima may preserve irreversible evidence; no reduced labels used,best=v41_memory_0.05;threads=4,postprocess,UNMAPPED,,No one-to-one catalog link was verified; this run remains represented by its source run-group record.,FIVE_FOLD_ARITHMETICALLY_CONSISTENT,CLOUD_PRIVATE;UNKNOWN_PROVENANCE,NO,SRC-041
relative_time_v1,10,RUNSET-012,ensemble,composite_plus_relative_time,Train-only relative online position add-on using known total online span without future values,conditional_gamma=0.20;relative_time_gamma=0.50;runner_parallelism=0;worker_threads=1,raw_additive,UNMAPPED,,No one-to-one catalog link was verified; this run remains represented by its source run-group record.,FIVE_FOLD_ARITHMETICALLY_CONSISTENT,CLOUD_PRIVATE;UNKNOWN_PROVENANCE,NO,SRC-041
relative_time_v3_power050,11,RUNSET-014,ensemble,composite_plus_relative_time_power,Train-only square-root relative online position prior; reduced used only as confirmation,conditional_gamma=0.20;relative_time_power=0.50;relative_time_gamma=0.65;runner_parallelism=0;worker_threads=1,raw_additive,UNMAPPED,,No one-to-one catalog link was verified; this run remains represented by its source run-group record.,FIVE_FOLD_ARITHMETICALLY_CONSISTENT,CLOUD_PRIVATE;UNKNOWN_PROVENANCE,NO,SRC-041
relative_time_v4_power035,12,RUNSET-014,ensemble,composite_plus_relative_time_power,Train-only power-shaped relative online position prior selected by robust frozen CV; reduced used only as confirmation,conditional_gamma=0.20;relative_time_power=0.35;relative_time_gamma=0.85;runner_parallelism=0;worker_threads=1,raw_additive,UNMAPPED,,No one-to-one catalog link was verified; this run remains represented by its source run-group record.,FIVE_FOLD_ARITHMETICALLY_CONSISTENT,CLOUD_PRIVATE;UNKNOWN_PROVENANCE,NO,SRC-041
relative_time_v5_length_hint,13,RUNSET-013,ensemble,composite_plus_relative_time_length_hint,Same train-selected candidate with non-consuming online iterator length hint for Crunch deployment; reduced used only as confirmation,conditional_gamma=0.20;relative_time_power=0.35;relative_time_gamma=0.85;online_length_hint=true;runner_parallelism=0;worker_threads=1,raw_additive,UNMAPPED,,No one-to-one catalog link was verified; this run remains represented by its source run-group record.,FIVE_FOLD_ARITHMETICALLY_CONSISTENT,CLOUD_PRIVATE;UNKNOWN_PROVENANCE,NO,SRC-041
relative_time_v6_lite_actual_stream,14,RUNSET-015,ensemble,lite_causal_components_without_relative_addon,Runtime-focused train-only component screen; actual Crunch reduced stream required because total online span is unavailable,drop_legacy_v36_v36p75_catboost_prior;raw,0.6348477,UNMAPPED,,No one-to-one catalog link was verified; this run remains represented by its source run-group record.,FIVE_FOLD_ARITHMETICALLY_CONSISTENT,CLOUD_PRIVATE;UNKNOWN_PROVENANCE,NO,SRC-041
conditional_addon_v14_chrono_gamma,15,RUNSET-036,lgbm,chronological_gamma_screen,Train-only chronological ID holdout supported gamma 0.20 without reduced-label search,gamma=0.20;prior=0;runner_parallelism=4,raw,UNMAPPED,,No one-to-one catalog link was verified; this run remains represented by its source run-group record.,FIVE_FOLD_ARITHMETICALLY_CONSISTENT,CLOUD_PRIVATE;UNKNOWN_PROVENANCE,NO,SRC-041
conditional_dart_v1,16,RUNSET-076,lgbm_dart,top8_clipped,Test DART boosting as a regularized conditional expert without changing causal features,boosting_type=dart;drop_rate=0.05;skip_drop=0.5;blend_gamma=0.15;rounds=60,raw,UNMAPPED,,No one-to-one catalog link was verified; this run remains represented by its source run-group record.,FIVE_FOLD_ARITHMETICALLY_CONSISTENT,CLOUD_PRIVATE;UNKNOWN_PROVENANCE,NO,SRC-041
conditional_mixed_50,17,RUNSET-060,lgbm,top8_with_no_break_samples,Test whether including half of no-break IDs improves transfer while using train-only labels,no_break_fraction=0.50;blend_gamma=0.12;rounds=60,raw,UNMAPPED,,No one-to-one catalog link was verified; this run remains represented by its source run-group record.,FIVE_FOLD_ARITHMETICALLY_CONSISTENT,CLOUD_PRIVATE;UNKNOWN_PROVENANCE,NO,SRC-041
conditional_id_weighted_v1,18,RUNSET-059,lgbm,top8_id_weighted,Test whether increasing weight toward later train IDs improves future-ID transfer,id_exponent=1.0;blend_gamma=0.17;rounds=60,raw,UNMAPPED,,No one-to-one catalog link was verified; this run remains represented by its source run-group record.,FIVE_FOLD_ARITHMETICALLY_CONSISTENT,CLOUD_PRIVATE;UNKNOWN_PROVENANCE,NO,SRC-041
raw_lambdarank_fold0,19,RUNSET-020,lambdarank,all_current_meta_features,Direct ranking objective on all causal features; reject after fold-0 screen,rounds=60;leaves=31;depth=6;query_weight=true,raw,RELATED,CAT-124,Related LambdaRank objective; the recorded all-feature fold-0 screen is a distinct configuration.,PARTIAL_OR_UNRESOLVED,CLOUD_PRIVATE;PARTIAL_FOLD;UNKNOWN_PROVENANCE,NO,SRC-041
conditional_addon_v13_prior,20,RUNSET-051,lgbm,meta_top8_plus_history_prior,Test whether a supervised historical ID prior improves the current conditional blend,prior_weight=0.15;gamma=0.17;four_worker_runner,raw,UNMAPPED,,No one-to-one catalog link was verified; this run remains represented by its source run-group record.,FIVE_FOLD_ARITHMETICALLY_CONSISTENT,CLOUD_PRIVATE;UNKNOWN_PROVENANCE,NO,SRC-041
conditional_addon_v12_optuna_best,21,RUNSET-052,lgbm,meta_top8_regularized,Deploy the existing Optuna conditional model with its exact learned clipping and gamma,leaves=7;depth=3;min_child=1000;rounds=60;gamma=0.1841709;exact_clip_limits,raw,UNMAPPED,,No one-to-one catalog link was verified; this run remains represented by its source run-group record.,FIVE_FOLD_ARITHMETICALLY_CONSISTENT,CLOUD_PRIVATE;UNKNOWN_PROVENANCE,NO,SRC-041
conditional_addon_v11_low_gamma,22,RUNSET-046,lgbm,history_context,Test whether a much smaller conditional correction transfers better than the selected gamma, gamma=0.02;source=v7_history_context;four_workers,raw,UNMAPPED,,No one-to-one catalog link was verified; this run remains represented by its source run-group record.,FIVE_FOLD_ARITHMETICALLY_CONSISTENT,CLOUD_PRIVATE;UNKNOWN_PROVENANCE,NO,SRC-041
conditional_addon_v10_rff_expert,23,RUNSET-050,lgbm,meta_plus_rff_ar_tail_residual,Test a compact causal expert using state RFF AR and tail-residual features,gamma=0.12;leaves=31;depth=6;min_child=500;rounds=60;features=15,raw,UNMAPPED,,No one-to-one catalog link was verified; this run remains represented by its source run-group record.,FIVE_FOLD_ARITHMETICALLY_CONSISTENT,CLOUD_PRIVATE;UNKNOWN_PROVENANCE,NO,SRC-041
v23_vol_dependence,24,RUNSET-025,lgbm,AR8 residual dependence across lags/windows,Residual volatility and serial dependence should reveal structural breaks,rounds=60;leaves=63;depth=7;pair_weight,raw,UNMAPPED,,No one-to-one catalog link was verified; this run remains represented by its source run-group record.,FIVE_FOLD_ARITHMETICALLY_CONSISTENT,CLOUD_PRIVATE;UNKNOWN_PROVENANCE,NO,SRC-041
v26_selfnorm_innovation,25,RUNSET-054,lgbm,self-normalized AR8 innovation volatility,Historical residual scale normalization should transfer across ID regimes,rounds=60;leaves=63;depth=7;pair_weight,raw,UNMAPPED,,No one-to-one catalog link was verified; this run remains represented by its source run-group record.,FIVE_FOLD_ARITHMETICALLY_CONSISTENT,CLOUD_PRIVATE;UNKNOWN_PROVENANCE,NO,SRC-041
v27_glr,26,RUNSET-032,lgbm,causal rolling mean/variance GLR and residual dependence,Generalized likelihood ratios should improve change evidence over raw rolling statistics,rounds=60;leaves=63;depth=7;pair_weight,raw,UNMAPPED,,No one-to-one catalog link was verified; this run remains represented by its source run-group record.,FIVE_FOLD_ARITHMETICALLY_CONSISTENT,CLOUD_PRIVATE;UNKNOWN_PROVENANCE,NO,SRC-041
v29_ar_glr,27,RUNSET-030,lgbm,causal rolling AR coefficient GLR,Local AR coefficient changes should identify dependence breaks missed by residual variance,rounds=60;leaves=63;depth=7;pair_weight,raw,UNMAPPED,,No one-to-one catalog link was verified; this run remains represented by its source run-group record.,FIVE_FOLD_ARITHMETICALLY_CONSISTENT,CLOUD_PRIVATE;UNKNOWN_PROVENANCE,NO,SRC-041
v30_distribution,28,RUNSET-031,lgbm,causal rolling histogram JS/CvM/TV and historical residual log-likelihood,Online window distribution divergence from history should detect non-Gaussian breaks,rounds=60;leaves=63;depth=7;pair_weight,raw,UNMAPPED,,No one-to-one catalog link was verified; this run remains represented by its source run-group record.,FIVE_FOLD_ARITHMETICALLY_CONSISTENT,CLOUD_PRIVATE;UNKNOWN_PROVENANCE,NO,SRC-041
v33_tail_moments,29,RUNSET-029,lgbm,causal history-tail empirical CDF moments and AR residual rolling moments,History-tail shape and residual moments should add regime-specific break evidence,rounds=60;leaves=63;depth=7;pair_weight,raw,UNMAPPED,,No one-to-one catalog link was verified; this run remains represented by its source run-group record.,FIVE_FOLD_ARITHMETICALLY_CONSISTENT,CLOUD_PRIVATE;UNKNOWN_PROVENANCE,NO,SRC-041
v33_pair05,30,RUNSET-028,lgbm,causal V33 tail moments with lower pair-weight exponent,Pair exponent 0.5 may reduce overemphasis on early high-pair steps while preserving TS-AUC ranking,rounds=60;leaves=63;depth=7;pair_weight_exp0.5,raw,UNMAPPED,,No one-to-one catalog link was verified; this run remains represented by its source run-group record.,FIVE_FOLD_ARITHMETICALLY_CONSISTENT,CLOUD_PRIVATE;UNKNOWN_PROVENANCE,NO,SRC-041
v35_innovation_pair05,31,RUNSET-027,lgbm,causal DGP-normalized innovation residuals and dependence summaries,Historical-only AR residual and robust innovation features,rounds=60;leaves=63;depth=7;pair_weight_exp0.5,raw,UNMAPPED,,No one-to-one catalog link was verified; this run remains represented by its source run-group record.,FIVE_FOLD_ARITHMETICALLY_CONSISTENT,CLOUD_PRIVATE;UNKNOWN_PROVENANCE,NO,SRC-041
v36_state_rff_causal_pair05,32,RUNSET-033,lgbm,causal state-space RFF-MMD distances on historical-normalized states,Prefix-causal historical embedding and EMA discrepancy; lag4 prefix parity verified,rounds=60;leaves=63;depth=7;pair_weight_exp0.5,raw,UNMAPPED,,No one-to-one catalog link was verified; this run remains represented by its source run-group record.,FIVE_FOLD_ARITHMETICALLY_CONSISTENT,CLOUD_PRIVATE;UNKNOWN_PROVENANCE,NO,SRC-041
v36_valid_oof_blend_b,33,RUNSET-071,lgbm_blend,v33/v35/history/v36/B,0.6 anchor plus 0.2 v36 plus 0.2 valid legacy B blend,OOF only,raw,UNMAPPED,,No one-to-one catalog link was verified; this run remains represented by its source run-group record.,FIVE_FOLD_ARITHMETICALLY_CONSISTENT,CLOUD_PRIVATE;UNKNOWN_PROVENANCE,NO,SRC-041
v41_fine_density_full,34,RUNSET-053,lgbm,raw_and_AR_residual_log_density,Historical density likelihood should complement moment and GLR evidence,rounds=60;leaves=63;depth=7;pair_exp=0.5;feature_fraction=0.75;min_child=100;reg_alpha=2;reg_lambda=2,raw,UNMAPPED,,No one-to-one catalog link was verified; this run remains represented by its source run-group record.,FIVE_FOLD_ARITHMETICALLY_CONSISTENT,CLOUD_PRIVATE;UNKNOWN_PROVENANCE,NO,SRC-041
v41_density_blend_raw035,35,RUNSET-069,lgbm_blend,current_joint_plus_v41,Small raw density-expert blend may add complementary ranking signal,alpha_v41=0.35;memory_mix=0.0969029,OOF blend,UNMAPPED,,No one-to-one catalog link was verified; this run remains represented by its source run-group record.,FIVE_FOLD_ARITHMETICALLY_CONSISTENT,CLOUD_PRIVATE;UNKNOWN_PROVENANCE,NO,SRC-041
v41_density_blend_raw025,36,RUNSET-069,lgbm_blend,current_joint_plus_v41,Small raw density-expert blend may add complementary ranking signal,alpha_v41=0.25;memory_mix=0.0969029,OOF blend,UNMAPPED,,No one-to-one catalog link was verified; this run remains represented by its source run-group record.,FIVE_FOLD_ARITHMETICALLY_CONSISTENT,CLOUD_PRIVATE;UNKNOWN_PROVENANCE,NO,SRC-041
v42_density_evidence_fold0,37,RUNSET-044,lgbm,historical_and_AR_residual_density_evidence,Cumulative_and_EMA_density_evidence_should improve persistence detection,rounds=60;leaves=63;depth=7;pair_exp=0.5;feature_fraction=0.75,raw,UNMAPPED,,No one-to-one catalog link was verified; this run remains represented by its source run-group record.,PARTIAL_OR_UNRESOLVED,CLOUD_PRIVATE;PARTIAL_FOLD;UNKNOWN_PROVENANCE,NO,SRC-041
v42_evidence_only_fold0,38,RUNSET-034,lgbm,causal_density_evidence_only,Removing raw density features should isolate whether cumulative evidence helps,rounds=60;leaves=63;depth=7;pair_exp=0.5;feature_fraction=0.75,raw,UNMAPPED,,No one-to-one catalog link was verified; this run remains represented by its source run-group record.,PARTIAL_OR_UNRESOLVED,CLOUD_PRIVATE;PARTIAL_FOLD;UNKNOWN_PROVENANCE,NO,SRC-041
v43_joint_density_full,39,RUNSET-061,lgbm,top_current_features_plus_v41_density,Current break features plus density interactions may add complementary signal,rounds=60;leaves=63;depth=7;pair_exp=0.5;feature_fraction=0.75,raw,UNMAPPED,,No one-to-one catalog link was verified; this run remains represented by its source run-group record.,FIVE_FOLD_ARITHMETICALLY_CONSISTENT,CLOUD_PRIVATE;UNKNOWN_PROVENANCE,NO,SRC-041
v43_density_blend_raw020,40,RUNSET-070,lgbm_blend,current_joint_plus_v43,Small V43 raw blend may add complementary ranking signal,alpha_v43=0.20;memory_mix=0.0969029,OOF blend,UNMAPPED,,No one-to-one catalog link was verified; this run remains represented by its source run-group record.,FIVE_FOLD_ARITHMETICALLY_CONSISTENT,CLOUD_PRIVATE;UNKNOWN_PROVENANCE,NO,SRC-041
v30_distribution_full,41,RUNSET-035,lgbm,causal_histogram_density,Full V30 retrain on immutable current cache,rounds=60;leaves=63;depth=7;pair_exp=1.0;feature_fraction=0.75;min_child=100,raw,UNMAPPED,,No one-to-one catalog link was verified; this run remains represented by its source run-group record.,FIVE_FOLD_ARITHMETICALLY_CONSISTENT,CLOUD_PRIVATE;UNKNOWN_PROVENANCE,NO,SRC-041
quad_blend_v30_v41_v43,42,RUNSET-067,lgbm_blend,base_v30_v41_v43,Four-way static OOF blend,base=0.55;v30=0.10;v41=0.25;v43=0.10,OOF blend,UNMAPPED,,No one-to-one catalog link was verified; this run remains represented by its source run-group record.,FIVE_FOLD_ARITHMETICALLY_CONSISTENT,CLOUD_PRIVATE;UNKNOWN_PROVENANCE,NO,SRC-041
conditional_addon_v2_no_prior_autoscale,43,RUNSET-068,lgbm_blend,base_v30_v41_v43_conditional,Removing direct prior contribution may transfer better to unseen IDs,prior_weight=0;gamma=0.11,raw,UNMAPPED,,No one-to-one catalog link was verified; this run remains represented by its source run-group record.,FIVE_FOLD_ARITHMETICALLY_CONSISTENT,CLOUD_PRIVATE;UNKNOWN_PROVENANCE,NO,SRC-041
conditional_addon_v3_top12_autoscale,44,RUNSET-057,lgbm,top12_capacity,Feature-capacity reduction selected on train-only frozen CV,top_k=12;gamma=0.15,raw,UNMAPPED,,No one-to-one catalog link was verified; this run remains represented by its source run-group record.,FIVE_FOLD_ARITHMETICALLY_CONSISTENT,CLOUD_PRIVATE;UNKNOWN_PROVENANCE,NO,SRC-041
conditional_addon_v4_top8_autoscale,45,RUNSET-058,lgbm,top8_capacity,Feature-capacity reduction selected on train-only frozen CV,top_k=8;gamma=0.17,raw,UNMAPPED,,No one-to-one catalog link was verified; this run remains represented by its source run-group record.,FIVE_FOLD_ARITHMETICALLY_CONSISTENT,CLOUD_PRIVATE;UNKNOWN_PROVENANCE,NO,SRC-041
sequential_memory_screen_20260919,46,RUNSET-089,postprocess_screen,conditional_v2_v4,Test whether irreversible-target memory improves same-step ranking,ema=0.01..0.60;cumsum;logit_cumsum;running_mean;positive_cumsum,raw,UNMAPPED,,No one-to-one catalog link was verified; this run remains represented by its source run-group record.,FIVE_FOLD_ARITHMETICALLY_CONSISTENT,CLOUD_PRIVATE;UNKNOWN_PROVENANCE,NO,SRC-041
rank_v4_screen_20260919,47,RUNSET-090,postprocess_screen,conditional_v4_rank_normalized,Test same-step rank/z normalization of the conditional expert,rank_expert_weight=0.05;ranked within step,raw_current,UNMAPPED,,No one-to-one catalog link was verified; this run remains represented by its source run-group record.,FIVE_FOLD_ARITHMETICALLY_CONSISTENT,CLOUD_PRIVATE;UNKNOWN_PROVENANCE,NO,SRC-041
conditional_rank_top8_20260919,48,RUNSET-022,lambdarank,conditional_top8,Direct same-step LambdaRank on the stable conditional feature subset,rounds=45;leaves=31;depth=6;min_child=500;blend_ranker=0.001,v4_plus_ranker,UNMAPPED,,No one-to-one catalog link was verified; this run remains represented by its source run-group record.,FIVE_FOLD_ARITHMETICALLY_CONSISTENT,CLOUD_PRIVATE;UNKNOWN_PROVENANCE,NO,SRC-041
conditional_top8_step_20260919,49,RUNSET-042,lgbm,conditional_top8_plus_step,Test whether explicit causal time phase improves the conditional detector,step_idx_feature=true;rounds=60;best_blend_gamma=0.08,composite_plus_step,UNMAPPED,,No one-to-one catalog link was verified; this run remains represented by its source run-group record.,FIVE_FOLD_ARITHMETICALLY_CONSISTENT,CLOUD_PRIVATE;UNKNOWN_PROVENANCE,NO,SRC-041
v4_v41_direct_20260919,50,RUNSET-092,postprocess_screen,v4_plus_v41_direct,Test whether independent V41 density evidence adds complementary ranking signal,direct_v41_weight=0.06;v4_gamma=0.17,raw,UNMAPPED,,No one-to-one catalog link was verified; this run remains represented by its source run-group record.,FIVE_FOLD_ARITHMETICALLY_CONSISTENT,CLOUD_PRIVATE;UNKNOWN_PROVENANCE,NO,SRC-041
conditional_top8_all_ids_20260919,51,RUNSET-038,lgbm,conditional_top8,Train the conditional expert on break and no-break IDs,train_all_ids=true;rounds=60;best_blend_gamma=0.01,raw,UNMAPPED,,No one-to-one catalog link was verified; this run remains represented by its source run-group record.,FIVE_FOLD_ARITHMETICALLY_CONSISTENT,CLOUD_PRIVATE;UNKNOWN_PROVENANCE,NO,SRC-041
v4_gate_20260919,52,RUNSET-065,lgbm,v4_composite_conditional_context,Learn a compact supervised gate over v4 experts and stable context features,leaves=7;depth=3;rounds=35;pair_weighted,raw,UNMAPPED,,No one-to-one catalog link was verified; this run remains represented by its source run-group record.,FIVE_FOLD_ARITHMETICALLY_CONSISTENT,CLOUD_PRIVATE;UNKNOWN_PROVENANCE,NO,SRC-041
conditional_stable4_top12_20260919,53,RUNSET-056,lgbm,stable_min_4_of_5,Require feature importance stability in at least 4 of 5 folds,top_k=12;stable_min_folds=4;best_blend=0.01,v4_plus_stable,UNMAPPED,,No one-to-one catalog link was verified; this run remains represented by its source run-group record.,FIVE_FOLD_ARITHMETICALLY_CONSISTENT,CLOUD_PRIVATE;UNKNOWN_PROVENANCE,NO,SRC-041
conditional_catboost_top8_20260919,54,RUNSET-005,catboost,conditional_top8,Test alternate tree inductive bias for the break-only conditional expert,iterations=100;depth=6;blend_weight=0.01,raw,UNMAPPED,,No one-to-one catalog link was verified; this run remains represented by its source run-group record.,FIVE_FOLD_ARITHMETICALLY_CONSISTENT,CLOUD_PRIVATE;UNKNOWN_PROVENANCE,NO,SRC-041
v4_v40_ar_20260919,55,RUNSET-091,postprocess_screen,v4_plus_v40_ar,Test independent frozen AR evidence as a complementary expert,ar_weight=0.01,raw,UNMAPPED,,No one-to-one catalog link was verified; this run remains represented by its source run-group record.,FIVE_FOLD_ARITHMETICALLY_CONSISTENT,CLOUD_PRIVATE;UNKNOWN_PROVENANCE,NO,SRC-041
conditional_top8_shallow_20260919,56,RUNSET-058,lgbm,top8_capacity,Test a shallow regularized conditional detector,leaves=7;depth=3;min_child=1000;rounds=60,raw,UNMAPPED,,No one-to-one catalog link was verified; this run remains represented by its source run-group record.,FIVE_FOLD_ARITHMETICALLY_CONSISTENT,CLOUD_PRIVATE;UNKNOWN_PROVENANCE,NO,SRC-041
conditional_top8_regular_20260919,57,RUNSET-058,lgbm,top8_capacity,Test a medium regularized conditional detector,leaves=15;depth=5;min_child=1000;rounds=60,raw,UNMAPPED,,No one-to-one catalog link was verified; this run remains represented by its source run-group record.,FIVE_FOLD_ARITHMETICALLY_CONSISTENT,CLOUD_PRIVATE;UNKNOWN_PROVENANCE,NO,SRC-041
conditional_top8_long_20260919,58,RUNSET-058,lgbm,top8_capacity,Test a longer high-capacity conditional detector,leaves=31;depth=6;min_child=1000;rounds=100,raw,UNMAPPED,,No one-to-one catalog link was verified; this run remains represented by its source run-group record.,FIVE_FOLD_ARITHMETICALLY_CONSISTENT,CLOUD_PRIVATE;UNKNOWN_PROVENANCE,NO,SRC-041
conditional_model_optuna_all5_20260920,59,RUNSET-039,lgbm,conditional_top8_clipped,Optimize clipping and LightGBM parameters against all five frozen ID folds,all5_trials=23;objective=mean-0.25*std;leaves=15;depth=3;min_child=100;rounds=75;gamma=0.181249,raw,UNMAPPED,,No one-to-one catalog link was verified; this run remains represented by its source run-group record.,FIVE_FOLD_ARITHMETICALLY_CONSISTENT,CLOUD_PRIVATE;UNKNOWN_PROVENANCE,NO,SRC-041
conditional_step_gamma_optuna_20260920,60,RUNSET-001,OOF_postprocess,composite_plus_conditional_top8,Tune a three-bin conditional blend schedule across all five frozen ID folds,trials=23;bins=0|128|400|1000;objective=mean-0.25*std;gamma=0.17/0.17/0.17,raw,UNMAPPED,,No one-to-one catalog link was verified; this run remains represented by its source run-group record.,FIVE_FOLD_ARITHMETICALLY_CONSISTENT,CLOUD_PRIVATE;UNKNOWN_PROVENANCE,NO,SRC-041
expert_addon_screen_20260920,61,RUNSET-088,postprocess,current_plus_existing_experts,Test small direct RFF AR and density expert additions against the retained blend,weights=0.005..0.20;best=density@0.005,raw,UNMAPPED,,No one-to-one catalog link was verified; this run remains represented by its source run-group record.,FIVE_FOLD_ARITHMETICALLY_CONSISTENT,CLOUD_PRIVATE;UNKNOWN_PROVENANCE,NO,SRC-041
conditional_addon_v7_history_context,62,RUNSET-040,lgbm,conditional_top8_history_context,History length and online-phase context may improve transfer to unseen IDs,gamma=0.15;leaves=31;depth=6;min_child=500;rounds=60,raw,UNMAPPED,,No one-to-one catalog link was verified; this run remains represented by its source run-group record.,FIVE_FOLD_SUMMARY_MISMATCH,CLOUD_PRIVATE;UNKNOWN_PROVENANCE,NO,SRC-041
conditional_addon_v8_history_blend,63,RUNSET-037,lgbm,conditional_clipped_plus_history_context,Combine clipped and history-context conditional experts with the frozen composite,composite=0.834;clipped=0.136;history=0.030,raw,UNMAPPED,,No one-to-one catalog link was verified; this run remains represented by its source run-group record.,FIVE_FOLD_ARITHMETICALLY_CONSISTENT,CLOUD_PRIVATE;UNKNOWN_PROVENANCE,NO,SRC-041
conditional_addon_v9_history_context_regular,64,RUNSET-041,lgbm,conditional_top8_history_context_regular,Reduce tree capacity to test whether context expert transfers better,gamma=0.10;leaves=15;depth=5;min_child=1000;rounds=60,raw,UNMAPPED,,No one-to-one catalog link was verified; this run remains represented by its source run-group record.,FIVE_FOLD_ARITHMETICALLY_CONSISTENT,CLOUD_PRIVATE;UNKNOWN_PROVENANCE,NO,SRC-041
lite_context_v17_recalibration,65,RUNSET-047,lgbm,lite_context_v14_causal_running_mean,Remove per-ID baseline drift with a causal running-mean correction,gamma=0.30;mean_source=previous_raw_mean;retention=0.995;memory_mix=0.20,final_memory,UNMAPPED,,No one-to-one catalog link was verified; this run remains represented by its source run-group record.,FIVE_FOLD_ARITHMETICALLY_CONSISTENT,CLOUD_PRIVATE;UNKNOWN_PROVENANCE,NO,SRC-041
lite_context_v18_optuna,66,RUNSET-048,lgbm,lite_context_v17_causal_formula,Optimize causal component weights memory context and running-mean correction with Optuna,gamma_context=0.1450678;base_memory_mix=0.1780921;recent_mean_gamma=0.4207268;retention=0.995;final_memory_mix=0.20,final_memory,UNMAPPED,,No one-to-one catalog link was verified; this run remains represented by its source run-group record.,FIVE_FOLD_SUMMARY_MISMATCH,CLOUD_PRIVATE;UNKNOWN_PROVENANCE,NO,SRC-041
lite_context_v19_peak997,67,RUNSET-049,lgbm,lite_context_v17_causal_running_mean,Retune only causal leaky-peak memory retention and mix on frozen grouped CV,retention=0.997;final_memory_mix=0.15;recent_mean_gamma=0.30,final_memory,UNMAPPED,,No one-to-one catalog link was verified; this run remains represented by its source run-group record.,FIVE_FOLD_ARITHMETICALLY_CONSISTENT,CLOUD_PRIVATE;UNKNOWN_PROVENANCE,NO,SRC-041
contrastive_block_addon_20260920,68,RUNSET-043,lgbm,contrastive_adjacent_robust,Causal adjacent-block discrepancy adds complementary signal to v19,windows=4,8,DIRECT,SUP-002,Direct match to the reviewed contrastive window-gap record.,FIVE_FOLD_ARITHMETICALLY_CONSISTENT,CLOUD_PRIVATE;UNKNOWN_PROVENANCE,NO,SRC-041
bocpd_addon_20260920,69,RUNSET-026,lgbm,bocpd_run_length,Causal truncated BOCPD posterior adds complementary signal to v19,ar_order=4;max_run=64;hazard=1/256;leaves=31;depth=6;min_child=500;rounds=60;blend=0.05,raw_blend,DIRECT,SUP-001,Direct match to the reviewed BOCPD run-length feature record.,FIVE_FOLD_ARITHMETICALLY_CONSISTENT,CLOUD_PRIVATE;UNKNOWN_PROVENANCE,NO,SRC-041
tcn_pairwise_screen_20260920,70,RUNSET-094,tcn,causal_raw_sequence,Causal TCN pairwise screen on raw historical tail and online sequence,window=64;epochs=2;batch=4096;lr=5e-4;pair_bce=0.10,raw_and_memory,UNMAPPED,,No one-to-one catalog link was verified; this run remains represented by its source run-group record.,PARTIAL_OR_UNRESOLVED,CLOUD_PRIVATE;PARTIAL_FOLD;UNKNOWN_PROVENANCE,NO,SRC-041
event_hazard_screen_20260920,71,RUNSET-066,lgbm,v5_causal_features,Exact tau event supervision with causal cumulative hazard postprocessing,features=196;rounds=60;scale_pos_weight=500,raw_and_cumulative,RELATED,CAT-065,Related to the one-change hazard report MTH-065; exact implementation and package parity are not established.,PARTIAL_OR_UNRESOLVED,CLOUD_PRIVATE;PARTIAL_FOLD;UNKNOWN_PROVENANCE,NO,SRC-041
v5_transfer_audit_20260920,72,RUNSET-066,lgbm,v5_causal_features,Replay saved V5 models against current cache and reduced data,models_v5_saved;feature_schema_aliases,raw,DIRECT,SUP-009,Exact record-level match to the saved V5 LightGBM transfer screen; grouped with a separate event-hazard hypothesis in RUNSET-066.,FIVE_FOLD_SUMMARY_MISMATCH,CLOUD_PRIVATE;UNKNOWN_PROVENANCE,NO,SRC-041
deployment_component_tune_20260920,73,RUNSET-086,optuna,v19_causal_components,Train-only component weight and memory search,80_trials;weights_normalized;no_test_labels,final_memory,UNMAPPED,,No one-to-one catalog link was verified; this run remains represented by its source run-group record.,FIVE_FOLD_ARITHMETICALLY_CONSISTENT,CLOUD_PRIVATE;UNKNOWN_PROVENANCE,NO,SRC-041
component_meta_stack_20260920,74,RUNSET-062,lgbm,v19_causal_components,Compact unified meta-model screen over valid component OOF,meta_pair;leaves=15;depth=4;rounds=60;pair_exponent=0.5,final_memory,UNMAPPED,,No one-to-one catalog link was verified; this run remains represented by its source run-group record.,FIVE_FOLD_ARITHMETICALLY_CONSISTENT,CLOUD_PRIVATE;UNKNOWN_PROVENANCE,NO,SRC-041
unified_v2_direct_20260920,75,RUNSET-024,lgbm,450_causal_features,Single direct model over the unified causal feature cache,rounds=60;leaves=63;depth=7;pair_exponent=0.5,raw,UNMAPPED,,No one-to-one catalog link was verified; this run remains represented by its source run-group record.,FIVE_FOLD_ARITHMETICALLY_CONSISTENT,CLOUD_PRIVATE;UNKNOWN_PROVENANCE,NO,SRC-041
unified_v2_addon_20260920,76,RUNSET-064,lgbm,v19_plus_450_causal_features,Train-only 90/10 blend of tuned v19 and unified-v2 direct output,baseline=0.90;unified=0.10,raw_blend,UNMAPPED,,No one-to-one catalog link was verified; this run remains represented by its source run-group record.,FIVE_FOLD_ARITHMETICALLY_CONSISTENT,CLOUD_PRIVATE;UNKNOWN_PROVENANCE,NO,SRC-041
residual_stack_450_20260920,77,RUNSET-063,lgbm,v19_oof_plus_450_causal_features,Learn a causal correction from the baseline score and unified feature cache,leaves=31;depth=6;min_child=500;rounds=60;pair_exponent=0.5,raw,UNMAPPED,,No one-to-one catalog link was verified; this run remains represented by its source run-group record.,FIVE_FOLD_ARITHMETICALLY_CONSISTENT,CLOUD_PRIVATE;UNKNOWN_PROVENANCE,NO,SRC-041
prm_martingale_fold0_20260920,78,RUNSET-093,residual_lgbm,historical_rank_logwealth,Fixed-history predictive-rank/e-process features as a supervised correction,rounds=80;leaves=31;depth=6;min_child=500;pair_exponent=0.5,raw,UNMAPPED,,No one-to-one catalog link was verified; this run remains represented by its source run-group record.,PARTIAL_OR_UNRESOLVED,CLOUD_PRIVATE;PARTIAL_FOLD;UNKNOWN_PROVENANCE,NO,SRC-041
history_context_prior_20260920,79,RUNSET-045,lgbm,historical_context_74,Richer historical-only DGP embedding as a soft ID break prior,rounds=100;leaves=7;depth=4;historical_only,additive_prior,UNMAPPED,,No one-to-one catalog link was verified; this run remains represented by its source run-group record.,FIVE_FOLD_ARITHMETICALLY_CONSISTENT,CLOUD_PRIVATE;UNKNOWN_PROVENANCE,NO,SRC-041
catboost_v5_fold0_20260920,80,RUNSET-006,catboost,v5_196,Compact CatBoost alternate-tree screen against the retained model,iterations=60;depth=7;threads=4;weight=pair;used_ram_limit=12gb,raw,DIRECT,SUP-010,Direct match to the reviewed V5 CatBoost screen.,PARTIAL_OR_UNRESOLVED,CLOUD_PRIVATE;PARTIAL_FOLD;UNKNOWN_PROVENANCE,NO,SRC-041
catboost_v5_fold0_optuna_20260920,81,RUNSET-006,catboost,v5_196,CatBoost fold-0 search after baseline screen,6_trials;best_blend_0.60=0.5869706;threads=4;weight_modes=none_pair_balanced,blend_0.60,DIRECT,SUP-010,Direct match to the reviewed V5 CatBoost screen.,PARTIAL_OR_UNRESOLVED,CLOUD_PRIVATE;PARTIAL_FOLD;UNKNOWN_PROVENANCE,NO,SRC-041
catboost_v5_fold0_smac_20260920,82,RUNSET-006,catboost,v5_196,CatBoost fold-0 SMAC3 confirmation after Optuna,6_trials;incumbent_blend_0.60=0.5852159;threads=4;weight_modes=none_pair_balanced,blend_0.60,DIRECT,SUP-010,Direct match to the reviewed V5 CatBoost screen.,PARTIAL_OR_UNRESOLVED,CLOUD_PRIVATE;PARTIAL_FOLD;UNKNOWN_PROVENANCE,NO,SRC-041
xgb_v5_fold0_optuna_20260920,83,RUNSET-096,xgboost,v5_196,XGBoost fold-0 search after baseline screen,6_trials;best_blend_0.60=0.5895990;threads=4;weight_modes=none_pair_balanced,blend_0.60,DIRECT,SUP-011,Direct match to the reviewed V5 XGBoost screen.,PARTIAL_OR_UNRESOLVED,CLOUD_PRIVATE;PARTIAL_FOLD;UNKNOWN_PROVENANCE,NO,SRC-041
xgb_v5_fold0_smac_20260920,84,RUNSET-096,xgboost,v5_196,XGBoost fold-0 SMAC3 confirmation after Optuna,6_trials;incumbent_blend_0.60=0.5895990;threads=4;weight_modes=none_pair_balanced,blend_0.60,DIRECT,SUP-011,Direct match to the reviewed V5 XGBoost screen.,PARTIAL_OR_UNRESOLVED,CLOUD_PRIVATE;PARTIAL_FOLD;UNKNOWN_PROVENANCE,NO,SRC-041
catboost_component_meta_fixed5_20260920,85,RUNSET-004,catboost,component_scores_7,CatBoost nonlinear meta-head over causal v19 component OOF scores,iterations=60;depth=4;lr=0.03;pair_exp=0.5;threads=4,raw,UNMAPPED,,No one-to-one catalog link was verified; this run remains represented by its source run-group record.,FIVE_FOLD_SUMMARY_MISMATCH,CLOUD_PRIVATE;UNKNOWN_PROVENANCE,NO,SRC-041
catboost_component_meta_optuna_20260920,86,RUNSET-004,catboost,component_scores_7,CatBoost component meta-head fold-0 Optuna confirmation,6_trials;best_raw=0.6284928;threads=4,raw,UNMAPPED,,No one-to-one catalog link was verified; this run remains represented by its source run-group record.,PARTIAL_OR_UNRESOLVED,CLOUD_PRIVATE;PARTIAL_FOLD;UNKNOWN_PROVENANCE,NO,SRC-041
catboost_component_meta_smac_20260920,87,RUNSET-004,catboost,component_scores_7,CatBoost component meta-head fold-0 SMAC3 confirmation,6_trials;incumbent_raw=0.6244358;threads=4,raw,UNMAPPED,,No one-to-one catalog link was verified; this run remains represented by its source run-group record.,PARTIAL_OR_UNRESOLVED,CLOUD_PRIVATE;PARTIAL_FOLD;UNKNOWN_PROVENANCE,NO,SRC-041
catboost_v5_fold4_20260920,88,RUNSET-006,catboost,v5_196,CatBoost raw v5 screen on the corrected old fold 4,iterations=60;depth=7;threads=4;weight=pair;rss=16.4GiB,raw,DIRECT,SUP-010,Direct match to the reviewed V5 CatBoost screen.,PARTIAL_OR_UNRESOLVED,CLOUD_PRIVATE;PARTIAL_FOLD;UNKNOWN_PROVENANCE,NO,SRC-041
catboost_component_meta_fold4_optuna_blend_20260920,89,RUNSET-003,catboost,component_meta_derived_20,CatBoost derived component meta-head tuned on corrected old fold 4 with Optuna,12_trials;objective=best_blend;threads=4,blend_0.50,UNMAPPED,,No one-to-one catalog link was verified; this run remains represented by its source run-group record.,PARTIAL_OR_UNRESOLVED,CLOUD_PRIVATE;PARTIAL_FOLD;UNKNOWN_PROVENANCE,NO,SRC-041
catboost_component_meta_fold4_optuna_blend_full5_20260920,90,RUNSET-003,catboost,component_meta_derived_20,Five-fold validation of the corrected fold-4 Optuna CatBoost configuration,iterations=50;depth=8;pair_exp=1.1685;threads=4,blend_0.80,UNMAPPED,,No one-to-one catalog link was verified; this run remains represented by its source run-group record.,FIVE_FOLD_SUMMARY_MISMATCH,CLOUD_PRIVATE;UNKNOWN_PROVENANCE,NO,SRC-041
current_component_formula_optuna_20260920,91,RUNSET-016,formula_optuna,component_formula_7,Train-only Optuna component-weight and causal-memory search,w_base=.8274;w_v30=.3951;w_v41=.7471;w_v43=.2478;w_v43_max=.5690;w_prior=.5418;w_conditional=.5330;gamma=.4856;retention=.98085;mix=.21382,component_linear_plus_memory,UNMAPPED,,No one-to-one catalog link was verified; this run remains represented by its source run-group record.,FIVE_FOLD_ARITHMETICALLY_CONSISTENT,CLOUD_PRIVATE;UNKNOWN_PROVENANCE,NO,SRC-041
catboost_component_meta_fold4_optuna_extended_20260920,92,RUNSET-003,catboost,component_meta_derived_20,Extended old-fold-4 Optuna search after correcting fold-order interpretation,iterations=35-160;depth=4-10;trials=36;metric=best_blend;threads=4,blend_0.50,UNMAPPED,,No one-to-one catalog link was verified; this run remains represented by its source run-group record.,PARTIAL_OR_UNRESOLVED,CLOUD_PRIVATE;PARTIAL_FOLD;UNKNOWN_PROVENANCE,NO,SRC-041
xgb_component_meta_fold4_optuna_20260920,93,RUNSET-095,xgb,component_meta_derived_20,Old-fold-4 XGBoost screen as a different meta-head inductive bias,rounds=25-100;depth=3-10;trials=20;metric=best_blend;threads=4,raw,UNMAPPED,,No one-to-one catalog link was verified; this run remains represented by its source run-group record.,PARTIAL_OR_UNRESOLVED,CLOUD_PRIVATE;PARTIAL_FOLD;UNKNOWN_PROVENANCE,NO,SRC-041
fold4_component_formula_optuna_20260920,94,RUNSET-016,formula_optuna,component_formula_7,Old-fold-4-only component weight and causal-memory search followed by full-five holdout diagnostic,79_trials;gamma_retention_mix;threads=4,component_formula,UNMAPPED,,No one-to-one catalog link was verified; this run remains represented by its source run-group record.,FIVE_FOLD_ARITHMETICALLY_CONSISTENT,CLOUD_PRIVATE;UNKNOWN_PROVENANCE,NO,SRC-041
catboost_v19_blend_reduced_20260920,95,RUNSET-007,catboost_blend,component_meta_derived_20_plus_v19,OOF-selected ten-percent CatBoost meta blend with causal v19; fold order 4,0,1,UNMAPPED,,No one-to-one catalog link was verified; this run remains represented by its source run-group record.,FIVE_FOLD_SUMMARY_MISMATCH,CLOUD_PRIVATE;UNKNOWN_PROVENANCE,NO,SRC-041
bocpd_current_20260920,96,RUNSET-078,lgbm_expert,bocpd_ar4_64,Causal AR4 BOCPD run-length expert blended with current v19,ar_order=4;max_run=64;hazard=.00390625;rounds=35;leaves=7;threads=4,blend_0.00,RELATED,SUP-001,Related BOCPD run-length evidence with a distinct AR4/64 feature specification.,FIVE_FOLD_ARITHMETICALLY_CONSISTENT,CLOUD_PRIVATE;UNKNOWN_PROVENANCE,NO,SRC-041
contrastive_current_20260920,97,RUNSET-079,lgbm_expert,contrastive_blocks_43,Causal adjacent-block contrastive expert blended with current v19,windows=4;8;16;32;64;128;256;rounds=35;leaves=7;threads=4,blend_0.00,RELATED,SUP-002,Related contrastive representation with a distinct block specification.,FIVE_FOLD_ARITHMETICALLY_CONSISTENT,CLOUD_PRIVATE;UNKNOWN_PROVENANCE,NO,SRC-041
current_meta_gate_20260920,98,RUNSET-083,lgbm_meta_gate,component_bocpd_contrastive,Causal four-way meta-gate ablation; old fold 4 evaluated first; no reduced labels used,configs=component|component_bocpd|component_contrastive|component_all;rounds=50;leaves=15;depth=4;threads=4,not_selected,UNMAPPED,,No one-to-one catalog link was verified; this run remains represented by its source run-group record.,FIVE_FOLD_ARITHMETICALLY_CONSISTENT,CLOUD_PRIVATE;UNKNOWN_PROVENANCE,NO,SRC-041
current_lambdarank_20260920,99,RUNSET-021,lambdarank,component_meta_21,Same-step LambdaRank on current causal component OOF; old fold 4 evaluated first; no reduced labels used,objective=lambdarank;leaves=15;depth=4;rounds=50;pair_weights;threads=4,raw,RELATED,CAT-124,Related same-step LambdaRank objective; the recorded 21-component configuration is distinct.,FIVE_FOLD_ARITHMETICALLY_CONSISTENT,CLOUD_PRIVATE;UNKNOWN_PROVENANCE,NO,SRC-041
current_context_gate_20260920,100,RUNSET-074,lgbm_context_gate,component_meta_21+history_context_18,Historical-DGP soft-routing gate over current causal components; old fold 4 first; no reduced labels used,leaves=7;depth=3;rounds=35;min_child=2000;threads=4,raw,UNMAPPED,,No one-to-one catalog link was verified; this run remains represented by its source run-group record.,FIVE_FOLD_ARITHMETICALLY_CONSISTENT,CLOUD_PRIVATE;UNKNOWN_PROVENANCE,NO,SRC-041
current_context_tiny_blend_20260920,101,RUNSET-002,blend,baseline+context_tiny,Train-only OOF diagnostic blend; selected alpha=0.20 on fixed OOF; not eligible for reduced because CV remains below gate,alpha=.20;threads=4,blend_0.20,UNMAPPED,,No one-to-one catalog link was verified; this run remains represented by its source run-group record.,FIVE_FOLD_ARITHMETICALLY_CONSISTENT,CLOUD_PRIVATE;UNKNOWN_PROVENANCE,NO,SRC-041
current_meta_postprocess_20260920,102,RUNSET-087,postprocess,component_meta_gate,Train-only causal memory audit on fold-excluded meta OOF; no reduced labels used,mean_gamma=0;retention=.997;mix=.20,post_mix_0.20,UNMAPPED,,No one-to-one catalog link was verified; this run remains represented by its source run-group record.,FIVE_FOLD_ARITHMETICALLY_CONSISTENT,CLOUD_PRIVATE;UNKNOWN_PROVENANCE,NO,SRC-041
current_meta_dart_20260920,103,RUNSET-075,lgbm_dart,component_meta_21,DART regularized meta-head screen; old fold 4 first; no reduced labels used,drop_rate=.05;skip_drop=.5;leaves=15;depth=4;rounds=50;threads=4,raw,UNMAPPED,,No one-to-one catalog link was verified; this run remains represented by its source run-group record.,FIVE_FOLD_ARITHMETICALLY_CONSISTENT,CLOUD_PRIVATE;UNKNOWN_PROVENANCE,NO,SRC-041
catboost_component_meta_pairlogit_fold4_20260920,104,RUNSET-008,catboost_ranker,component_scores_7,Explicit sampled-pair CatBoost PairLogit screen on corrected old fold 4,iterations=60;250_pairs_per_step;threads=4,blend_0.80,UNMAPPED,,No one-to-one catalog link was verified; this run remains represented by its source run-group record.,PARTIAL_OR_UNRESOLVED,CLOUD_PRIVATE;PARTIAL_FOLD;UNKNOWN_PROVENANCE,NO,SRC-041
unified_v19_raw_head_20260920,105,RUNSET-073,lgbm_classifier,causal_raw_top160,Unified causal raw-feature head distilled from deployed v19 feature union; old fold 4 first; no reduced labels used,leaves=63;depth=7;rounds=45;min_child=100;lr=.05;feature_fraction=.75;reg_alpha=2;reg_lambda=2;max_bin=127;pair_exponent=1.0;threads=4,raw,UNMAPPED,,No one-to-one catalog link was verified; this run remains represented by its source run-group record.,FIVE_FOLD_SUMMARY_MISMATCH,CLOUD_PRIVATE;UNKNOWN_PROVENANCE,NO,SRC-041
v19_detailed_fine_base_20260920,106,RUNSET-017,formula_optuna,v19_inner_experts,Train-only fine reweight of six causal v19 inner experts with frozen top-level formula; reduced confirmation failed,weights=optuna_80;gamma=.30;retention=.997;mix=.15;threads=4,postprocess,UNMAPPED,,No one-to-one catalog link was verified; this run remains represented by its source run-group record.,FIVE_FOLD_ARITHMETICALLY_CONSISTENT,CLOUD_PRIVATE;UNKNOWN_PROVENANCE,NO,SRC-041
v19_detailed_fine_all_20260920,107,RUNSET-018,formula_optuna,v19_inner_plus_top,Train-only fine all-component formula with causal prior and memory; reduced confirmation failed,weights=optuna_100;threads=4,postprocess,UNMAPPED,,No one-to-one catalog link was verified; this run remains represented by its source run-group record.,FIVE_FOLD_ARITHMETICALLY_CONSISTENT,CLOUD_PRIVATE;UNKNOWN_PROVENANCE,NO,SRC-041
v19_early_head_128_20260920,108,RUNSET-072,lgbm_classifier,causal_early_head_13,Train-only early online head for broken IDs; no reduced labels used,max_step=128;leaves=31;depth=6;rounds=60;min_child=500;feature_fraction=.75;reg_alpha=3;reg_lambda=8;threads=4,blend_0.08,UNMAPPED,,No one-to-one catalog link was verified; this run remains represented by its source run-group record.,FIVE_FOLD_ARITHMETICALLY_CONSISTENT,CLOUD_PRIVATE;UNKNOWN_PROVENANCE,NO,SRC-041
v19_lambdarank_head_20260921,109,RUNSET-085,lightgbm_lambdarank,causal_same_step_ranker_13,TS-AUC aligned LambdaRank head on same-step queries; no reduced labels used,rounds=80;leaves=15;depth=4;min_child=500;feature_fraction=.85;bagging=.85;reg_alpha=2;reg_lambda=6;threads=4,rank_normalized_blend_alpha=.05,DIRECT,CAT-124,Direct match to the same-step LambdaRank head record.,FIVE_FOLD_ARITHMETICALLY_CONSISTENT,CLOUD_PRIVATE;UNKNOWN_PROVENANCE,NO,SRC-041
v19_soft_hist_route_20260921,110,RUNSET-019,formula_route,soft_hist_cluster_v33_tail,Causal soft historical route replacing hard hist_kurt threshold; reduced confirmation failed,threshold=2.0;slope=.5;threads=4,postprocess,UNMAPPED,,No one-to-one catalog link was verified; this run remains represented by its source run-group record.,FIVE_FOLD_ARITHMETICALLY_CONSISTENT,CLOUD_PRIVATE;UNKNOWN_PROVENANCE,NO,SRC-041
history_seeded_conformal_transfer_20260925,111,RUNSET-084,lightgbm_compact,p2_aux_plus_crm,"Frozen transfer diagnostic for history-seeded insertion-rank evidence; feature-only head, not deployment package",rounds=200;54_features;full_train=10000_IDs;threads=4,raw_head,UNMAPPED,,No one-to-one catalog link was verified; this run remains represented by its source run-group record.,FIVE_FOLD_ARITHMETICALLY_CONSISTENT,CLOUD_PRIVATE;UNKNOWN_PROVENANCE,NO,SRC-041
