source_model_family,source_records,five_score_consistent,five_score_summary_mismatch,partial_or_unresolved,benchmark_eligible,validity_labels,catalog_mapping_status,source_evidence_id
OOF_postprocess,1,1,0,0,NO,CLOUD_PRIVATE;UNKNOWN_PROVENANCE,RUN_LEVEL_GROUP;NO_ONE_TO_ONE_METHOD_LINK,SRC-041
blend,1,1,0,0,NO,CLOUD_PRIVATE;UNKNOWN_PROVENANCE,RUN_LEVEL_GROUP;NO_ONE_TO_ONE_METHOD_LINK,SRC-041
catboost,11,1,2,8,NO,CLOUD_PRIVATE;PARTIAL_FOLD;UNKNOWN_PROVENANCE,RUN_LEVEL_GROUP;NO_ONE_TO_ONE_METHOD_LINK,SRC-041
catboost_blend,1,0,1,0,NO,CLOUD_PRIVATE;UNKNOWN_PROVENANCE,RUN_LEVEL_GROUP;NO_ONE_TO_ONE_METHOD_LINK,SRC-041
catboost_ranker,1,0,0,1,NO,CLOUD_PRIVATE;PARTIAL_FOLD;UNKNOWN_PROVENANCE,RUN_LEVEL_GROUP;NO_ONE_TO_ONE_METHOD_LINK,SRC-041
causal_postprocess,1,1,0,0,NO,CLOUD_PRIVATE;UNKNOWN_PROVENANCE,RUN_LEVEL_GROUP;NO_ONE_TO_ONE_METHOD_LINK,SRC-041
causal_siamese_cnn,1,0,0,1,NO,CLOUD_PRIVATE;PARTIAL_FOLD;UNKNOWN_PROVENANCE,RUN_LEVEL_GROUP;NO_ONE_TO_ONE_METHOD_LINK,SRC-041
causal_tcn,1,0,0,1,NO,CLOUD_PRIVATE;PARTIAL_FOLD;UNKNOWN_PROVENANCE,RUN_LEVEL_GROUP;NO_ONE_TO_ONE_METHOD_LINK,SRC-041
ensemble,5,5,0,0,NO,CLOUD_PRIVATE;UNKNOWN_PROVENANCE,RUN_LEVEL_GROUP;NO_ONE_TO_ONE_METHOD_LINK,SRC-041
formula_optuna,4,4,0,0,NO,CLOUD_PRIVATE;UNKNOWN_PROVENANCE,RUN_LEVEL_GROUP;NO_ONE_TO_ONE_METHOD_LINK,SRC-041
formula_route,1,1,0,0,NO,CLOUD_PRIVATE;UNKNOWN_PROVENANCE,RUN_LEVEL_GROUP;NO_ONE_TO_ONE_METHOD_LINK,SRC-041
lambdarank,4,2,0,2,NO,CLOUD_PRIVATE;PARTIAL_FOLD;UNKNOWN_PROVENANCE,RUN_LEVEL_GROUP;NO_ONE_TO_ONE_METHOD_LINK,SRC-041
lgbm,47,40,3,4,NO,CLOUD_PRIVATE;PARTIAL_FOLD;UNKNOWN_PROVENANCE,RUN_LEVEL_GROUP;NO_ONE_TO_ONE_METHOD_LINK,SRC-041
lgbm_blend,6,6,0,0,NO,CLOUD_PRIVATE;UNKNOWN_PROVENANCE,RUN_LEVEL_GROUP;NO_ONE_TO_ONE_METHOD_LINK,SRC-041
lgbm_classifier,2,1,1,0,NO,CLOUD_PRIVATE;UNKNOWN_PROVENANCE,RUN_LEVEL_GROUP;NO_ONE_TO_ONE_METHOD_LINK,SRC-041
lgbm_context_gate,1,1,0,0,NO,CLOUD_PRIVATE;UNKNOWN_PROVENANCE,RUN_LEVEL_GROUP;NO_ONE_TO_ONE_METHOD_LINK,SRC-041
lgbm_dart,2,2,0,0,NO,CLOUD_PRIVATE;UNKNOWN_PROVENANCE,RUN_LEVEL_GROUP;NO_ONE_TO_ONE_METHOD_LINK,SRC-041
lgbm_event_meta,1,0,0,1,NO,CLOUD_PRIVATE;PARTIAL_FOLD;UNKNOWN_PROVENANCE,RUN_LEVEL_GROUP;NO_ONE_TO_ONE_METHOD_LINK,SRC-041
lgbm_expert,2,2,0,0,NO,CLOUD_PRIVATE;UNKNOWN_PROVENANCE,RUN_LEVEL_GROUP;NO_ONE_TO_ONE_METHOD_LINK,SRC-041
lgbm_meta,3,2,1,0,NO,CLOUD_PRIVATE;UNKNOWN_PROVENANCE,RUN_LEVEL_GROUP;NO_ONE_TO_ONE_METHOD_LINK,SRC-041
lgbm_meta_gate,1,1,0,0,NO,CLOUD_PRIVATE;UNKNOWN_PROVENANCE,RUN_LEVEL_GROUP;NO_ONE_TO_ONE_METHOD_LINK,SRC-041
lightgbm_compact,1,1,0,0,NO,CLOUD_PRIVATE;UNKNOWN_PROVENANCE,RUN_LEVEL_GROUP;NO_ONE_TO_ONE_METHOD_LINK,SRC-041
lightgbm_lambdarank,1,1,0,0,NO,CLOUD_PRIVATE;UNKNOWN_PROVENANCE,RUN_LEVEL_GROUP;NO_ONE_TO_ONE_METHOD_LINK,SRC-041
optuna,1,1,0,0,NO,CLOUD_PRIVATE;UNKNOWN_PROVENANCE,RUN_LEVEL_GROUP;NO_ONE_TO_ONE_METHOD_LINK,SRC-041
postprocess,2,2,0,0,NO,CLOUD_PRIVATE;UNKNOWN_PROVENANCE,RUN_LEVEL_GROUP;NO_ONE_TO_ONE_METHOD_LINK,SRC-041
postprocess_screen,4,4,0,0,NO,CLOUD_PRIVATE;UNKNOWN_PROVENANCE,RUN_LEVEL_GROUP;NO_ONE_TO_ONE_METHOD_LINK,SRC-041
residual_lgbm,1,0,0,1,NO,CLOUD_PRIVATE;PARTIAL_FOLD;UNKNOWN_PROVENANCE,RUN_LEVEL_GROUP;NO_ONE_TO_ONE_METHOD_LINK,SRC-041
tcn,1,0,0,1,NO,CLOUD_PRIVATE;PARTIAL_FOLD;UNKNOWN_PROVENANCE,RUN_LEVEL_GROUP;NO_ONE_TO_ONE_METHOD_LINK,SRC-041
xgb,1,0,0,1,NO,CLOUD_PRIVATE;PARTIAL_FOLD;UNKNOWN_PROVENANCE,RUN_LEVEL_GROUP;NO_ONE_TO_ONE_METHOD_LINK,SRC-041
xgboost,2,0,0,2,NO,CLOUD_PRIVATE;PARTIAL_FOLD;UNKNOWN_PROVENANCE,RUN_LEVEL_GROUP;NO_ONE_TO_ONE_METHOD_LINK,SRC-041
