source_report_id,report_title,record_class,validity_labels,public_disposition,related_public_records,source_sha256
RPT-001,Consolidated research and validation synthesis,consolidated_summary,SUMMARY_ONLY;NO_INDEPENDENT_RESULT,"Already overlaps the public results, validation, research journey, and method catalog; no independent experiment result is counted.",,817cb2bb06141e88315bc8133420b95ce186ce5dc7f4cd141784741c6eb4ced7
RPT-002,Online-age ranking diagnostic,post_selection_metric_diagnostic,CLOUD_PRIVATE;POST_SELECTION_CV;DESCRIPTIVE_OOF_DIAGNOSTIC,Post-hoc OOF analysis described weak early-prefix ranking. The report explicitly recommends against tuning or promoting a model from this diagnostic.,SRC-026,b23d9851899f2519b718da42dc4654090f32cd0ed8dac061cbcc14509661fd46
RPT-003,History-ACF direct-head synthetic Stage 0,synthetic_method_screen,SYNTHETIC_ONLY;SYNTHETIC_STAGE0;FROZEN_GATE_FAILED,A fixed history-only ACF descriptor passed five of six frozen checks but failed the predeclared requirement for gains in both ACF-tail regimes; the recipe was closed.,SUP-006;SRC-029,17fb593a39c1327771cad31e97a10ec79735011e020e2df578332cf0b436a62e
RPT-004,Clean V2 with OSN-RFF and full-scan U direct-head screen,private_data_method_screen,CLOUD_PRIVATE;POST_SELECTION_CV;VALID_EXACT_STREAM;REDUCED_ONLY,"Four causal X-only features were compared with the fixed 15-feature Clean V2 head on the same five folds. The candidate favored the exposed CV-A comparison and the one-shot reduced diagnostic, but neither was independent confirmation.",SUP-012;RPT-005,93de94a82bf9d3d41e2d455e852b78dbbc06125dcbf21bc373a688d00664ae36
RPT-005,Direct-head runtime and artifact feasibility audit,runtime_and_selection_audit,CLOUD_PRIVATE;POST_SELECTION_CV;REDUCED_ONLY;RUNTIME_ONLY,"Runtime, artifact, and parity checks concern the same post-selection direct-head screen as RPT-004. Extrapolated head latency is not end-to-end or hosted-runtime evidence.",RPT-004,5f303763cc539629047b88b7a5fcca0699045dcb33042fbaad1a39e90d3d33bc
RPT-006,Feature-input sparsity and prediction-parity audit,runtime_implementation_audit,RUNTIME_ONLY;SAMPLED_PREDICTION_PARITY,"Replacing zero-split feature inputs with zero preserved sampled predictions, but the audit still computed the original feature state and did not establish a runtime gain.",,e35b879820a19f46fdc009addc26dc49b570efbc2df485d9d95d7dae1bd9df02
RPT-007,Causal convolution implementation microbenchmark,runtime_implementation_audit,RUNTIME_ONLY;LOCAL_MICROBENCHMARK,Two drop-in convolution alternatives were slower on the tested single-window shapes and did not preserve exact arithmetic at every layer; neither was promoted.,,8a49ef30013e74ca93df6c6e6845fa231197a85873f2f9ebff52057228c56aaa
RPT-008,All-prefix dead-store timing audit,runtime_implementation_audit,RUNTIME_ONLY;PARTIAL_TIMING,"Only three of four planned end-to-end timing passes completed; counters were not retained, so the report does not establish a general speedup.",,2f1d6bb4c4b1c162b97ea13e5b492d6863ac0ac8e7d557d35b7c13e5713b9852
RPT-009,Redundant AR cumulative-feature calculation audit,runtime_implementation_audit,RUNTIME_ONLY;SAMPLED_EXACT_PREDICTION_PARITY,The audit identified overwritten intermediate calculations and exact predictions on sampled streams. Earlier timing differences were small and inconsistent; no promoted speed claim was made.,,4b95099b9a40ae5595f35af6d905b460801cff3e1e33948cef5ef2aaa56d825e
RPT-010,Array-backed process parallelism pilot,runtime_implementation_audit,RUNTIME_ONLY;ARRAY_BACKED_PILOT;NOT_GUARDED_STREAM_COMPATIBLE,"Local array-backed pilots were faster with bitwise-equal outputs, but they did not use the guarded streaming contract and do not establish hosted-runtime benefit.",,f86da4aa0d3356c49abe5a90910d8739353cc5b4abbeb89c105e718b1b8bdd57
RPT-011,Scalar clipping fast-path profile,runtime_implementation_audit,RUNTIME_ONLY;LOCAL_X_TRAIN_SAMPLE,A narrow scalar fast path was measured on local training samples only. The report does not establish full-population or hosted inference performance.,,fc9da96f785e181cedd82cd7b791e6a0419a5fa4bbddfe8b873853690ff17ff0
RPT-012,Threaded inference pilot,runtime_implementation_audit,RUNTIME_ONLY;REGRESSED,The tested multi-thread inference path regressed against serial execution on its sample and was rejected.,,e69b971d8824f4fe0b3f4c8a44f53cdd6089498f6a65ed932fae5d1a093aab9b
RPT-013,Historical-null calibration horizon-leakage postmortem,validation_postmortem,CLOUD_PRIVATE;INVALID_FUTURE_LENGTH,"The offline calibration used each stream’s final online length, information unavailable to an unsized live iterator. A fixed-length fallback changed the null distribution; this is future-length leakage, not label leakage.",,a3e2386c7dd0cd9688b34f413431742bdc8abd72bcc02be913f85567a75cf308
RPT-014,Exact all-start AR mean-change screen,causal_method_screen,SYNTHETIC_ONLY;VALID_EXACT_STREAM;PARTIAL_FOLD;POST_SELECTION_CV;CLOUD_PRIVATE,"The exact-start maximum and a normalized Bayesian mixture were near chance alone; each fixed small blend reduced the exact reference-package score on both screened folds. Prefix mutation passed, but the transfer screen was partial and the recipe was stopped.",SUP-013,82d81d514cc0ded6c0011c3d6f4fcbe5dba99000fc47676c0f8a681e4bd8706d
RPT-015,Fixed-g AR candidate-location mixture,causal_method_screen,VALID_EXACT_STREAM;POST_SELECTION_CV;CLOUD_PRIVATE,The fixed-g mixtures trailed the maximum-GLR control; the fixed blend was effectively tied. The screen used all five grouped CV-A folds but remained post-selection.,SUP-014,e059aad8910c19fbb6f75d7224b739b999d03dc324b79249067ba84558a9fbc7
RPT-016,Historical-ACF group diagnostic,descriptive_metric_diagnostic,CLOUD_PRIVATE;POST_SELECTION_CV;DESCRIPTIVE_OOF_DIAGNOSTIC,The fixed OOF analysis found fold-specific gaps across history-regime groups. It was descriptive and did not fit or tune a model.,SRC-027,84811a834f7851a37e4484e6cc27b2d46d49e7cf897a72295f5663b8ca188841
RPT-017,Historical-ACF pair-weight definition audit,metric_definition_audit,CLOUD_PRIVATE;POST_SELECTION_CV;METRIC_DEFINITION_AUDIT,The audit corrected the interpretation of history-ACF groups: the runner used 20/60/20 percentile bands rather than equal terciles. Its decile extension was exploratory and post-selection.,SRC-028,d5ce26fd01790297920a6bdf9da8f1911ba0dad4d694f0163ca8c30110b7309b
RPT-018,Transformation-prediction synthetic Stage 0,synthetic_method_screen,SYNTHETIC_ONLY;SYNTHETIC_STAGE0;FROZEN_GATE_FAILED,"The classifier learned the transformation task, but break ranking was near chance and fixed blends lowered the reference score across held seeds; the recipe was closed before competition-fold evaluation.",SUP-004;SRC-018,f79f893548909410a0f5e675f021e887d65ccb8a06272101aba2c6df533fd292
RPT-019,Rich conditional-expert bank synthetic Stage 0,synthetic_method_screen,SYNTHETIC_ONLY;SYNTHETIC_STAGE0;FROZEN_GATE_FAILED,"The nine-expert candidate lost to the Gaussian AR bank on all four seed rotations, with the primary predeclared advancement gate failing. No challenge folds were accessed.",SUP-015;CAT-051,2b406795080988174ec5cc8e26202f82527ba7b57477e0f868c5100cc14722f8
RPT-020,Causal-head stage-two optimizer audit,selection_and_training_audit,CLOUD_PRIVATE;POST_SELECTION_CV;PARTIAL_FOLD,"The stage-two selection objective used two folds. Full five-fold replay placed all reported alternatives below the previous trial-13 reference, so the selected stage-two candidates were not promoted.",SUP-016;CAT-073,a07aa432ce0e7e2d88eb9036f3efadf1213539e9f3505a509318a41b94404521
