catalog_id,method_family,report_title,source_sha256,public_status
MTH-001,Adaptive Kernel Forgetting,Adaptive Online Kernel Forgetting — Stage 1,3c86f0e890ea5aaa18b07e7b9d3a256479576ff407a732b8088219fe0b1a2ac3,HISTORICAL_INDEX_ONLY
MTH-002,Adjusted Range Ecdf Rsms,Adjusted-Range ECDF CUSUM / RSMS — Search Report,d68691b4c7f5d30b41acfdc10ef635b11337c60af49cfeda1ff63dfda679746e,HISTORICAL_INDEX_ONLY
MTH-003,Ar Focus,AR(p)-Aware FOCuS Evidence — Search Report,874ee8866be53f38982fb3e1802ae2e6a8311848933399b8846ab9eb5774ab23,HISTORICAL_INDEX_ONLY
MTH-004,Ar Score Mdfocus,AR-Score Gaussian GLR with Convex-Hull Pruning,293465b3e3a1f172a6a8f1c370fd2cb456ae763e971b2a0ae6fd5bcae303310b,HISTORICAL_INDEX_ONLY
MTH-005,Attractor Network,Whitened Delay-State Attractor Network — Search Report,d66f4ecd27ed4957456056332258750f379b6d1e4fc059fc831ae2232239915d,HISTORICAL_INDEX_ONLY
MTH-006,Bayesian Ar Context Tree,Bayesian AR Context-Tree Evidence,b892fda636299d3403bdc244cf73466be6432d37a2de5c1dbac39e4a89304f59,HISTORICAL_INDEX_ONLY
MTH-007,Bayesian Ar Drift,Bayesian Random-Walk AR Coefficient Drift — Search Report,190cf9a586d4c176c2e07f1d0ebe1ac7c270972b35bda1559db6f4fb5da887bc,HISTORICAL_INDEX_ONLY
MTH-008,Bayesian Context Tree Segmentation,Bayesian Context-Tree Segmentation — 2026-09-26,e2bcb601e87f6e99e59eb93eeeca7f14074161c295ae3a95381667fa6cb0a428,HISTORICAL_INDEX_ONLY
MTH-009,Bayesian Restart Likelihood,Bayesian Restart Likelihood on Rosenblatt Scores,a7b9584250c35e50996e4a26f6e2b846bb19a9347ea89735108ce029a3b463ab,HISTORICAL_INDEX_ONLY
MTH-010,Bispectral C3 Surface,Causal C3 Lag-Surface Search Report,3f45fbb55470903dc30926218a772d41a414b26ae0b3875f6a3f4071c820e528,HISTORICAL_INDEX_ONLY
MTH-011,Bispectral Phase Coupling,Causal Bispectral Phase-Coupling Evidence,35970ba35a52bf1e8ba11de747b164bb40cd15572293f037388bad0e9602383e,HISTORICAL_INDEX_ONLY
MTH-012,Bispectral Triplet Online,Causal Frequency-Triplet Bispectral Change Evidence,a5ccc5a0a30765aab4515be0a14960023b1a5ca85f6da34f31c35d5ae3038e78,HISTORICAL_INDEX_ONLY
MTH-013,Break Presence Factorization,Break Incidence × Conditional Timing — Search Report,77a46b132c5aff0101c7b1516864492a37a58417993f2304856c3114b1c72c2a,HISTORICAL_INDEX_ONLY
MTH-014,Catboost Pairwise P2 Aux,CatBoost P2+Auxiliary Heads and Sampled PairLogit,24b794629ff6cc1401f57a0bfd9ef4664ed46a4b1fd3996d6243d27bf4416f63,HISTORICAL_INDEX_ONLY
MTH-015,Causal Evidence Fusion,Causal P2 Multiscale Evidence Fusion — Search Report,27ba802bb8dbf8ab85b5854a358f31f3ec7244675cc6b45c5a0dc42e43892262,HISTORICAL_INDEX_ONLY
MTH-016,Causal Recurrence Geometry,Causal Recurrence Geometry Search,85b5513a20e97d5e57bef3a71905dc5e3ff0208e706726c49c19e4aedf4f9f68,HISTORICAL_INDEX_ONLY
MTH-017,Causal Wavelet Scattering,Causal Wavelet Scattering on Rosenblatt Innovations,2d5d4ac8558f80f7e052dabf93d0f58ef832af4e848dd12b34e1ada1860ddbac,HISTORICAL_INDEX_ONLY
MTH-018,Chasm Mewma,CHASM-Inspired History-Calibrated MEWMA — Stage 0/1,1551cfafe3a0161b2c4f8f3461a5b081da5424f04ee0d5de156067eb5768408a,HISTORICAL_INDEX_ONLY
MTH-019,Chasm Spectral,CHASM-Inspired Spectral-Velocity Evidence — Stage 0,9919f34f36ec6377d3fc69f78fc7999d770721f05cb7cc11879d89f2803eab18,HISTORICAL_INDEX_ONLY
MTH-020,Conditional Copula,Boundary-Reflected Conditional Copula KDE — Stage 0,0ac85b906af4b6c8d9b1af590c20a08221eef43bc8607e58da2e2a8e65f44992,HISTORICAL_INDEX_ONLY
MTH-021,Conditional Ctm,Conditional Conformal Test Martingale — Research Report,3ae184b00c92e12f5baf2029f4db8d2c613bf9019ffd84a73c5249414ed27dd8,HISTORICAL_INDEX_ONLY
MTH-022,Conditional Expectile,Conditional Expectile Score-CUSUM — Synthetic Stage 0 Report,972c3289b16fcb4d18191e8379f3e9dc18e0c4d258b38a876624cc75567d045e,HISTORICAL_INDEX_ONLY
MTH-023,Conditional Hyvarinen,Conditional Hyvarinen Score Evidence on the Rosenblatt Stream,58fe8d17700c57198dd00026e1716ae892cab76a3a1f2eca7d5793f1af5aaba2,HISTORICAL_INDEX_ONLY
MTH-024,Conditional Pit,Causal Conditional-PIT Complement Search,866f320df766e23edfd2c962ddb94a938ee1fd4bce9c2c5052c147dc4b5cc3b5,HISTORICAL_INDEX_ONLY
MTH-025,Conditional Rulsif,Conditional Relative-Pearson Transition Evidence — Stage 0,eb5bab7aea6dafb10f021423750601b33d9ce1e55a9bd0483cfbfa9e80ce39e1,HISTORICAL_INDEX_ONLY
MTH-026,Conformal Restart Martingale,Sequential Insertion-Rank Conformal Restart Evidence,8ebda152dd5d1758dde84529dc32ec09f1d01e8d439e7dfb30d3515da997c9ef,HISTORICAL_INDEX_ONLY
MTH-027,Conformal Restart Max,Conformal Restart Maximum and tau Mixture,f9c15133048ef750d1fe523070f2a9c2e5e18b51f14fce6fbf87ea9a1d333a27,HISTORICAL_INDEX_ONLY
MTH-028,Context Tree,Whitened Categorical Context-Tree Mixture — Search Report,d84883c237a083eb61d71eed4523ae7185710ed8d20208f3a9c1b4793f177a38,HISTORICAL_INDEX_ONLY
MTH-029,Cptc State Calibration,State-Conditioned Online Quantile Calibration (CPTC-Inspired),9ad34c8e66f06d75b09105f17bc9423eaca212f7c739e1b4750eebf18a64f740,HISTORICAL_INDEX_ONLY
MTH-030,Crm Rulsif Fusion,History-Seeded CRM + Conditional RuLSIF Fusion,31d8b3e501cd0d6f47b2df41ff8b6c5c15e048a97d59791f19db4f24f35baa1c,HISTORICAL_INDEX_ONLY
MTH-031,Cross Id Bayesian Meta Prior,Cross-ID Bayesian Meta-Prior for Dynamics,47f90f3f7fd0ab7ea449930891088260416f8b6f20808d07534e99060a3d45e3,HISTORICAL_INDEX_ONLY
MTH-032,Denoising Score Cusum,Denoising Score-Matching CUSUM on Whitened Lag States,c6022d8f04fccecdd4d6407f214b03deabe85810a02319dae3c348065f37b190,HISTORICAL_INDEX_ONLY
MTH-033,Dependence U Statistic,Dependence-Aware Two-Sample U-Statistic — Research Record,12c64e79c0df925af94ccda2a0d9ad828735d2d98ffc004dc5e5e96b5c012a1b,HISTORICAL_INDEX_ONLY
MTH-034,Dmd Koopman,Delay-DMD / Koopman Dynamics Evidence — Search Report,66ab8ffb6b1886f714a809b8972670ef7f0ce4f36533d329f058041552436722,HISTORICAL_INDEX_ONLY
MTH-035,Dmd Markov Transition,DMD Residual-Rank Markov Transition — Search Report,df06084531583795023b89fdfe16c36b091df5aa32d7857fcb9cb0d58cdc5008,HISTORICAL_INDEX_ONLY
MTH-036,Dmd Residual Betting,DMD Residual Rank Betting — Search Report,4b95f5a42a00b685b4fd5ed69297954520784a2e4381fd8b0cd2fbaa6e4a6d64,HISTORICAL_INDEX_ONLY
MTH-037,Dynamic Tau Grid,Dynamic Geometric Tau-Grid — Stage 1 Report,511217a1b20fadc01631e1405251af67a07f9034d14921f7d348eac45ca28457,HISTORICAL_INDEX_ONLY
MTH-038,Ensemble Audit,OOF Ensemble Audit,f04b6994813b682f816ff9deb4d6557932a7671522ec5c7b2ed48e759a6b1ebb,HISTORICAL_INDEX_ONLY
MTH-039,Evidence Portfolio Optimizer,Causal Evidence Portfolio Optimizer — Stage 1,679e117953dfa04e962599143d072b334cb8d7872394359e6716981d13aea512,HISTORICAL_INDEX_ONLY
MTH-040,Feature Icm Ellipsoid,Feature-Based ICM with Ellipsoidal-kNN Delay-State Nonconformity,91e757d9f2bc7ae19623cb519c8c57cca5f50988a981a7064d4bf83de94c7b6e,HISTORICAL_INDEX_ONLY
MTH-041,Feature Only Blend Optimizer,Feature-Only Blend Weight Optimizer — 2026-09-27,4e7b0f2449d281bf48a2f7ec91e2d7338f58406b5efe48a2d6ffa4159a6abfde,HISTORICAL_INDEX_ONLY
MTH-042,Feature To Tabpfn Feasibility,Feature-to-TabPFN: Exact-Stream Feasibility Audit,865e5421ccf7f91dc278b9cfadc4c53b8e0606758ae32430dff6bc8f8dbc14f0,HISTORICAL_INDEX_ONLY
MTH-043,Fixed History Cmm,Fixed-History Conformal Mixture Martingale,748feac83bc12125018f1515143da54f8ba8d3b53dd89be62fc0aa8a7fccb434,HISTORICAL_INDEX_ONLY
MTH-044,Fixed Share Forecast,Fixed-Share Predictive Expert Aggregation,784949dff1a891007eb9544350eabdbb3163a4de7e14cfb720aca8266d50ba4f,HISTORICAL_INDEX_ONLY
MTH-045,History Full Scan U,History-Anchored Full-Scan RFF U-Statistic,36dbfe2c4ccfcb3ad687964736e796f358811f6175d6bcc076ca6aebd0cbd0a6,HISTORICAL_INDEX_ONLY
MTH-046,Holder Multiscale,Hölder-Weighted Max-Norm Evidence on Whitened Innovations,5f44ea101c1c96f6f555ecc2c8d258a4cec077d44fc617e07634324c0d886b1a,HISTORICAL_INDEX_ONLY
MTH-047,Latent Switching Ar,Latent Switching AR on Rosenblatt Innovations — Search Report,f5674050f4cafd9d16b88ec85d6cfa84aa031f2812d176c8e787d42d881fbeef,HISTORICAL_INDEX_ONLY
MTH-048,Lead Lag Signatures,Time-Augmented Hoff Lead–Lag Signatures,11e6929d81852045a64c530985274e96c73e3717e32ab8c81b23c367ffd57be5,HISTORICAL_INDEX_ONLY
MTH-049,Matrix Profile Novelty,Historical Motif Novelty via Matrix-Profile Distances,40eee4d15b9db4ad027278980c76a9edd7e352db071ec3a5a1b52c7afa030e16,HISTORICAL_INDEX_ONLY
MTH-050,Mbo Q Dependent,MBO(q) Run-Length Evidence on Rosenblatt Innovations,37fa0e8fb77dc93ed1011f46c8a878b46b273beb48d2f163f6258f22612bade3,HISTORICAL_INDEX_ONLY
MTH-051,Mps Expert Set,MPS-Style Causal Expert-Set Evidence,d405e9e5c22eacd1a71cc3e81f395fd1b6b0f5b3d80db3f997b1b8850c3e0d05,HISTORICAL_INDEX_ONLY
MTH-052,Mrsc Subspace Projection,Multi-Rank Subspace Projection — Search Report,ad75f3dae12ae240f457866772d39a46ede13600ba99454d3496c1586d34fe2f,HISTORICAL_INDEX_ONLY
MTH-053,Nested Causal Pairwise Correction,Nested Causal Feature-Only Pairwise Correction,91619382b69fc9395f58cc7c9b8ed760a06213a9d6b11391302dc460b5b46f37,HISTORICAL_INDEX_ONLY
MTH-054,Neural Dsm Allowance Stage0,Neural DSM CUSUM Allowance — Synthetic Stage 0,0f4c317bd3e316b1536e1f08be6ca336dbb37ebc72a159f7060781ea0ad9e6c1,HISTORICAL_INDEX_ONLY
MTH-055,Neural Dsm Allowance Stage1 F4 F1,Neural DSM CUSUM Allowance — F4/F1 Feasibility Screen,f5a30d4ecfe0cd1708b18b2ec14e56a9934365b6e194c078ad37388d8c14094c,HISTORICAL_INDEX_ONLY
MTH-056,Neural Dsm Stage0,Neural Denoising Score-Matching CUSUM — Synthetic Stage-0,b2eb48d11df9408a7f8da51836cbb13000060f4459c6bca9936e7bda635f4665,HISTORICAL_INDEX_ONLY
MTH-057,Neural Dsm Stage0B,Neural DSM Stage-0b — Fresh-Seed Rank-Blend Diagnostic,204f2bb5d687a43568642566973df7b7c6e038d05420e501afb2df8753881510,HISTORICAL_INDEX_ONLY
MTH-058,Neural Dsm Stage0C,Neural DSM Stage-0c — Per-Stream Historical-Z Blend,8342259d43329994d123c6ca46f5440f079453b0253d073c5b605fa88b16b903,HISTORICAL_INDEX_ONLY
MTH-059,Neural Dsm Stage1,Neural DSM on Actual Rosenblatt Streams — Stage1,437b07ff0f53ccc9f5b66d94d143046c671bf2c2687852f2c427e694df672abd,HISTORICAL_INDEX_ONLY
MTH-060,Nonlinear Rff Dynamics,History-Fitted Nonlinear RFF Dynamics Residuals — Search Report,57b36c8098b687454a6faa8670d5e868d8bc953bbd6626f0ccd0ac996b5222ce,HISTORICAL_INDEX_ONLY
MTH-061,Normal Inverse Gamma Tau,Normal–Inverse-Gamma Mean/Scale Evidence over Candidate Tau — Stage 0,5a4ce3825b7c6dcf8ee9764cd171f33079a4a3d9d0717eb7a9a32e6fee453e14,HISTORICAL_INDEX_ONLY
MTH-062,Np Focus Rosenblatt,NP-FOCuS on the Exact Rosenblatt Stream,d99b683ad6c23222de9991027c25e137f1e46960013303f94722cde354df2cef,HISTORICAL_INDEX_ONLY
MTH-063,Object Monitor Rff,Object-Valued Self-Normalized RFF Monitor — 2026-09-26,4bfa496a7525702537ea762511bb5459b8b6013949739884886701b92f427595,HISTORICAL_INDEX_ONLY
MTH-064,Ode Segment Tau,Causal ODE-Inspired Segment Evidence — Search Report,80757c9a30fcaee2f6d45fca942ed196ba39b691436b50013bea221959034ffb,HISTORICAL_INDEX_ONLY
MTH-065,One Change Hazard,One-Change Hazard and Monotone-GRU Evidence,fa8e619d7e2a301716cf801c0592690c90140d804084ca1cfd89324199dd1083,HISTORICAL_INDEX_ONLY
MTH-066,Online Rff Dynamics Drift,Online Nonlinear RFF Dynamics Drift — Search Report,891353d561570d807834cd1c28cbe9eeaf397680d0a35f9fc0ab941b8e75a2de,HISTORICAL_INDEX_ONLY
MTH-067,Online Segment Parameter Contrast,Online Segment Parameter Contrast — Search Report,512784e86645398ed045956a0a2d810f57b5ec0dc0a900ba6a910fd19bfae464,HISTORICAL_INDEX_ONLY
MTH-068,Ons Betting,ONS Betting Evidence on Rosenblatt Innovations,74c8c28213db53bbd682b2a795cc0c770be13c09465499c4909aacaf50b49957,HISTORICAL_INDEX_ONLY
MTH-069,Ordinal Turn Rate,Ordinal Turn-Rate / Sequential Evidence — Search Report,91d779cd476fc92e8f4ae38def549e937e7006cd26502dad7d0745178765a914,HISTORICAL_INDEX_ONLY
MTH-070,P1 Time Conditioned Null,P1 Time-Conditioned Historical Null,66abc5c7a35614d597fafc05e786cd4a1cf4780e5412a3728656ad93ad559736,HISTORICAL_INDEX_ONLY
MTH-071,P2 Causal Baseline,P2 Causal Baseline Lock,ddfa2ea73972aedfd4b0dd58bde13042244b006c28014ba93881b61d12e0ba27,HISTORICAL_INDEX_ONLY
MTH-072,P2 Hierarchical Null,P2 Hierarchical Age-Conditioned Null,75d136c990e32313d5882ce3b46bbf084f981008db97c7ca45ed542e6bf93d56,HISTORICAL_INDEX_ONLY
MTH-073,P3 Causal Head,P3 Causal Head Search Report,6dcafac86ee8844733ddb5c025dd0c606977d71d585b23f21f6cc0e8daf8f52d,HISTORICAL_INDEX_ONLY
MTH-074,P5 Kernel Cusum,P5 Kernel CUSUM Search Report,5ff3a7af5f4367e1e90c0e3d92ec140041b744c285236d5da59bc68718307f81,HISTORICAL_INDEX_ONLY
MTH-075,P6 Causal Density Ratio,P6 Causal Density-Ratio Search Report,b8eda3c4479005e7c4b33920379a10cbc0800e709d07b548861311b90736dc45,HISTORICAL_INDEX_ONLY
MTH-076,P6 Causal Martingale,P6 Causal Martingale Search Report,f26217103387ca23e0995cc2046ad067bd8721e3ae93363e979ac62e73a016a2,HISTORICAL_INDEX_ONLY
MTH-077,P6 Causal Ordinal,P6 Causal Ordinal Search Report,1902bffe949e5428659ca07c30c876c77cf677d1b2bae27afab2fbabfd5d565f,HISTORICAL_INDEX_ONLY
MTH-078,P6 Causal Qwd,P6 Causal Quantile-Displacement Search Report,6305b07b46a31fb1e28b0cc00e492fd721b3b7c576d38919d773de498c09bdb8,HISTORICAL_INDEX_ONLY
MTH-079,P6 Causal Selfnorm,P6 Causal Self-Normalized Search Report,9a7fe0914bb957f26801ae946e43057c56d80a9b87d99d7d574f669187556cf4,HISTORICAL_INDEX_ONLY
MTH-080,P6 Causal Tau,P6 Causal Candidate-Tau Search Report,2267151c179628871020afdac9da4b9195f2fd3ac991dcfcf060a2bd600db563,HISTORICAL_INDEX_ONLY
MTH-081,Pairwise Ts Auc,Pairwise TS-AUC Objective — Search Report,9f5e4bc1415eb77312819e8e4d3ca9abfaab71ad193ef83002bd4997641bad37,HISTORICAL_INDEX_ONLY
MTH-082,Param Cp Sbi,Simulation-Based Parameter Changepoint Evidence,39a07d40851b4375d6517e84cbdb3d944a1ec7f93d812adb6bce7989c5a58efd,HISTORICAL_INDEX_ONLY
MTH-083,Pbml Lti Fit Kl Prior,PBML-LTI Fit–KL Prior: Historical Support/Query Stage 0,c1b1157ba50e0ac5a021488fa3b0b7632680e00bf471ba032f4f0c59fb2c090f,HISTORICAL_INDEX_ONLY
MTH-084,Persistent Laplacian,Persistent-Laplacian Geometry for Causal Break Evidence,219eb937cffab50f7308947e1a5c64d6e4f14e12eeee8e2e36d7f11d5706339b,HISTORICAL_INDEX_ONLY
MTH-085,Persistent Laplacian Q1,Persistent q=1 Laplacian Features — Stage 0 Report,e49539022fdb3066bdaeb8c0558e6c24e9de08828f5c11dacd7fe516622d4feb,HISTORICAL_INDEX_ONLY
MTH-086,Pfa Weighted Restart,PFA-Weighted Restart Evidence — Search Report,2ffabe4d313fdedf6fcd1f5a0af8f77a40159aa0690ec7f8f3f48e086c9fb093,HISTORICAL_INDEX_ONLY
MTH-087,Pm Cusum,Predictive-Mixture CuSum (PM-CuSum) — Search Report,09939959bc04be2e99ce45663724ec1f4ec7bda9b553f3d88af7580b1ce8c790,HISTORICAL_INDEX_ONLY
MTH-088,Ppc Predictive Coding,Probabilistic Predictive Coding — Stage 1 Feasibility Screen,b41ea946ab7f1cdedcd8c7d80293c224a1ad4ce9fa1fbb26911c010687e6bd5d,HISTORICAL_INDEX_ONLY
MTH-089,Predictive Hmm Beam,Predictive-Path HMM Beam Evidence,b2e89fde605ab07240fa9bc3948a664a6518f2d2d2943bdcc6a3810547ce21dd,HISTORICAL_INDEX_ONLY
MTH-090,Predictive Rank Martingale,Predictive Rank Martingale on Direct Standardized Innovations,d973b54a047fd457b5f155e43637b1559a317463cb6e9424c7b0a53e9e0a2770,HISTORICAL_INDEX_ONLY
MTH-091,Predictive Rank Restart,Predictive-Rank Conditional-LR Restart Screen,7dd898f526045a0a23d1c7e386be0df7c3ddff8b351e1f1793e64a1ac4470b5f,HISTORICAL_INDEX_ONLY
MTH-092,Probability Flow Mmd Sr,History-Calibrated Gaussian MMD / Shiryaev–Roberts Screen,286fd07f08f177c961856a00c8b0d380176bc5c60da2b61bf578426cda3f1723,HISTORICAL_INDEX_ONLY
MTH-093,Rcmm Threshold Bets,Restarted Threshold-Bet CDF Mixture,4c9275ec6c7b93fb9f815724a49ab41d27c22382cfdbb46eab4cd6235ea5e8d4,HISTORICAL_INDEX_ONLY
MTH-094,Robust Dgp Groups,Search Report: Robust DGP-Group Training,b9a6cc852b500b6abd43e20194731f577f45313f7785450f25cff73d28ab97da,HISTORICAL_INDEX_ONLY
MTH-095,Robust Npe Summary Rnpe,Robust Summary NPE / RNPE-Inspired Change Evidence,3730524b9f91cd0c3e7baa3599becc64be1200a2a7c16268250ffac7f73778c7,HISTORICAL_INDEX_ONLY
MTH-096,Rosenblatt Conditional Ecdf,Historical Conditional-EWMA PIT — Search Report,8e7aca15684b048e9e384fd5e5786c52ea5a0e3cbf7a5f3aea46c9e479abb794,HISTORICAL_INDEX_ONLY
MTH-097,Rosenblatt Density Ratio,Search Report: Direct Density-Ratio Evidence on Whitened States,5ae26de738d0cff157a7cbf28a4f428d763522b322c45f7496fd950c89e9cc36,HISTORICAL_INDEX_ONLY
MTH-098,Rosenblatt Garch Ecdf,History-Fitted GARCH PIT Whitening — Stage 0,43dc3485c859cd0a73bae36e8a410cab7bd4386847e1f541f4263b959437f48e,HISTORICAL_INDEX_ONLY
MTH-099,Rosenblatt Hard Negative,Search Report: Historical-Null Hard-Negative Weighting,09afcfe31266dc93714d54faf02c4fc5fc06d2a2a20835d75fe0adf9a5d7e643,HISTORICAL_INDEX_ONLY
MTH-100,Rosenblatt History Cmm,Exact Rosenblatt-Stream Historical CMM — Search Report,2bc1615762792360bae9f26873d58142e90fdcfa2e8172d26a1afd7745173f72,HISTORICAL_INDEX_ONLY
MTH-101,Rosenblatt Martingale,Whitened Predictive-Rank Martingale / E-Process,01e79b7291d5009fc322f0fe07ade3cd3ef2df066d220283a41d7532b863ca5c,HISTORICAL_INDEX_ONLY
MTH-102,Rosenblatt Ordinal,Search Report: Whitened Ordinal-Pattern Evidence,946e82947d9aba0bcb34e788e50e1d577251681c25c7b5b51fb5d4b2c6f67360,HISTORICAL_INDEX_ONLY
MTH-103,Rosenblatt Rff,Search Report: Whitened-State RFF / Multi-Kernel MMD,4bfafbe0026a6d0226194d5ff3b3bf3d1942188cce9ec58e3c8223cd9eafebd9,HISTORICAL_INDEX_ONLY
MTH-104,Rosenblatt Selfnorm,Search Report: Self-Normalized Whitened Change Statistics,660ee1902efda805ee4f47d42fbb24b2426466f3e53b714846e2f34a183c5a67,HISTORICAL_INDEX_ONLY
MTH-105,Rosenblatt Tail Channel,Rosenblatt Tail-Channel Replication — Synthetic Stage 0,823a7441d6dd01d3dea3c334d0bacfbeb4c375621d591fa97ce48893493e7e95,HISTORICAL_INDEX_ONLY
MTH-106,Rosenblatt Tail Excess,Hill-Style Tail-Excess Severity — Synthetic Stage 0,b34be8450c548d6a9722155e929239df844799bc840334dc990db6f7f6ca6913,HISTORICAL_INDEX_ONLY
MTH-107,Rosenblatt Tau,Search Report: Rosenblatt–Tau Whitening,0f4f907087b5235be3b47b967cf7a2f6230887523300732ab568ae6fad526200,HISTORICAL_INDEX_ONLY
MTH-108,Rough Path Signatures,Time-Augmented Rough-Path Signatures — Search Report,b4b65356b57fbcd4e4d7be5d4e1314126644de1f10d9b76c9b5e752ed5711582,HISTORICAL_INDEX_ONLY
MTH-109,Score Driven Dynamics,Score-Driven Conditional Dynamics on Rosenblatt Innovations,4af895c0d885a71e1bf306fd14bd23d52d26456418e72da151f1431b519d43a7,HISTORICAL_INDEX_ONLY
MTH-110,Sd Nml,SDNML on the Exact Rosenblatt Stream,34b8ed97f50de90a519a470cf81fee5cd681a18aae1ab5357a14c1c478403204,HISTORICAL_INDEX_ONLY
MTH-111,Signature Metric Evidence,History-Reference Signature-Metric Novelty — Stage 1,fe992386e9290d41a7c404431c05be82023bffe02b71c6571f52540a09fbdaeb,HISTORICAL_INDEX_ONLY
MTH-112,Soft Bct,History-Frozen Soft-AR Gate Screen,bd7d26b2ba8a2d8d9a7667abf8cffd56f225d4561caead5eb7898ff797d40d32,HISTORICAL_INDEX_ONLY
MTH-113,Soft Bct Variational,History-Fit Variational Soft-AR Tree — Stage 0/1,c8c59810f21ac1fd1704b1595b8b8ad819c79b830262d0a95c9911f69e3d27d3,HISTORICAL_INDEX_ONLY
MTH-114,Sparse Transition Sindy,Sparse Polynomial Transition Evidence — Search Report,51a4151713459359893cd72adc0682a8a08bfb6dd0b04a753cf34c8d59fdb7bb,HISTORICAL_INDEX_ONLY
MTH-115,Sparse Transition Tau,Sparse Transition Bayes Factors Integrated over Candidate Change Time,7d2d5f8902faa13c63aec2e95492081a80ee6d54e30f73c6b0b5af02b1b9b152,HISTORICAL_INDEX_ONLY
MTH-116,Spectral Delay Lss,Spectral Delay-State LSS — Search Report,37104bdc3e354ae6ccc45b78aa9367307c819f8d332776d758e1875c1f88bc82,HISTORICAL_INDEX_ONLY
MTH-117,Spectral Hac U Calibration,HAC-Spectral Calibration of Full-Scan U Evidence,89771e4e641629689545e6c352768e797ac06b1f40586e4f5500a7a4f54d7a89,HISTORICAL_INDEX_ONLY
MTH-118,Stein Score Evidence,Finite-Basis Stein-Score Evidence — 2026-09-25,d2e1366eca52c7aad4c14dad21fbb7e00b78728c48d2ebf252eadb7f92d21903,HISTORICAL_INDEX_ONLY
MTH-119,Stein Tau Mixture,Stein Score Mixture over Candidate Change Times — 2026-09-25,672506b1a79f034862883a6630114d850b858e43a202ab08ef7be8fe5e8791f3,HISTORICAL_INDEX_ONLY
MTH-120,Symbolic Evidence Discovery,Constrained Symbolic Causal Evidence Discovery,6a42bded6e3a67f8f95795dc67b7fe388f975f554635be21f80c6ac17a0234bd,HISTORICAL_INDEX_ONLY
MTH-121,Tfc Discrepancy,Search Report: Causal Time-Frequency Discrepancy,f7fe83300aac4e250ae23b7232be7bcffbbfec4e30b1a9e3fb3ae3083e12c98a,HISTORICAL_INDEX_ONLY
MTH-122,Tnc Reference Encoder,Search Report: TNC Reference-Current Encoder,b0f02b3b71b91c1de10532eb4ff4a73506e84edf16e16421b5450468617e7f41,HISTORICAL_INDEX_ONLY
MTH-123,Tri Modal Blend,Tri-Modal Feature-Head Blend Diagnostic,30c8327459c2edd3e9a63b6b8b06fe58b7bcdbb6a3cd15cbd0670f8e33138d45,HISTORICAL_INDEX_ONLY
MTH-124,V19 Lambdarank Head,Same-Step LambdaRank Head,11110a42f53ed2a19fb1e9159d5c3870dcdb1fc79c82d7baef714ed77e4b338f,HISTORICAL_INDEX_ONLY
MTH-125,Venn Abers,Venn–Abers E-Evidence on the Causal Rosenblatt Stream — 2026-09-26,0ab2d6d926211f8873d5371df36f8bd16f3bef60b379cbd090429f7d82978959,HISTORICAL_INDEX_ONLY
MTH-126,Visibility Graph Bdi,Visibility-Graph Backward-Degree Evidence,7b766c7527d374a532812a81adb2f09074b5cd49fa318b91418df467d03e1d3d,HISTORICAL_INDEX_ONLY
MTH-127,Vsbt Prefix Tree,VSBT-Inspired Prefix Tree — Synthetic Stage 0,04ac3f7330fc8ac6e018b68f668a03e67f94509e43ab6203b42c7e8a7c34e11c,HISTORICAL_INDEX_ONLY
MTH-128,Vsbt Soft Gate,Causal Prefix VSBT-Inspired Soft Gate,2909b1e761fe2ebdfbda3ff3fc20c223cb588c1e80d12f5395ab9e429bd083be,HISTORICAL_INDEX_ONLY
MTH-129,Wavelet Long Memory Change,Causal Haar Scaling-Exponent Change,cf8e8548dd6ca5444a418e830068c93ae81202073879380cb692c669c5b66534,HISTORICAL_INDEX_ONLY
MTH-130,Weighted Conformal,WATCH-Inspired Weighted-Conformal Context Evidence — Stage 1,e01a02fa83b2fdf70f17ddcd0a834892cd2c3606d06c2c0f7adb5b40de4c914a,HISTORICAL_INDEX_ONLY
MTH-131,Whitened Reference Encoder,Search Report: Whitened Historical-Reference Neural Encoder,075bf70bfd46c7a1d88cdbb70bf9dc2f27e54ed6d2a1ce913da43f671f926e57,HISTORICAL_INDEX_ONLY
