mechanism,detector,seed,repetitions,calibration_repetitions,history_length,stream_length,change_index,threshold_quantile,threshold,auc_vs_no_change,false_positive_rate,detection_rate,median_detection_delay,median_pre_break_score,median_post_break_increment,validity_labels,code_revision
mean_shift,raw_level_cusum,20261005,40,80,256,512,256,0.95,67.90053616258163,1.0,0.125,0.95,32.0,24.847858727795064,476.08914593369747,SYNTHETIC_ONLY,326c000
mean_shift,standardized_residual_cusum,20261005,40,80,256,512,256,0.95,20.84677337386158,1.0,0.025,1.0,22.0,8.47747780813291,191.0768554329656,SYNTHETIC_ONLY,326c000
mean_shift,breakforge_reference,20261005,40,80,256,512,256,0.95,20.84677337386158,1.0,0.025,1.0,22.0,8.47747780813291,191.0768554329656,SYNTHETIC_ONLY,326c000
variance_shift,raw_level_cusum,20261005,40,80,256,512,256,0.95,67.90053616258163,0.840625,0.125,0.5,133.0,28.091795422923987,40.587589387954665,SYNTHETIC_ONLY,326c000
variance_shift,standardized_residual_cusum,20261005,40,80,256,512,256,0.95,20.84677337386158,0.96625,0.025,0.8,99.5,8.769689966684453,15.706660936609381,SYNTHETIC_ONLY,326c000
variance_shift,breakforge_reference,20261005,40,80,256,512,256,0.95,20.84677337386158,1.0,0.025,0.95,33.5,8.769689966684453,135.49428134604506,SYNTHETIC_ONLY,326c000
ar_coefficient_shift,raw_level_cusum,20261005,40,80,256,512,256,0.95,67.90053616258163,0.284375,0.125,0.0,,24.805775936826976,0.0,SYNTHETIC_ONLY,326c000
ar_coefficient_shift,standardized_residual_cusum,20261005,40,80,256,512,256,0.95,20.84677337386158,0.29375,0.025,0.0,,8.669187002193643,0.0,SYNTHETIC_ONLY,326c000
ar_coefficient_shift,breakforge_reference,20261005,40,80,256,512,256,0.95,20.84677337386158,0.900625,0.025,0.675,150.0,8.669187002193643,16.973261538512865,SYNTHETIC_ONLY,326c000
persistence_reversal,raw_level_cusum,20261005,40,80,256,512,256,0.95,67.90053616258163,0.643125,0.125,0.0,,50.93783289719883,0.0,SYNTHETIC_ONLY,326c000
persistence_reversal,standardized_residual_cusum,20261005,40,80,256,512,256,0.95,20.84677337386158,0.480625,0.025,0.0,,8.488192655313398,0.06613660447402747,SYNTHETIC_ONLY,326c000
persistence_reversal,breakforge_reference,20261005,40,80,256,512,256,0.95,20.84677337386158,1.0,0.025,0.95,15.0,8.488192655313398,412.4793679567204,SYNTHETIC_ONLY,326c000
frequency_shift,raw_level_cusum,20261005,40,80,256,512,256,0.95,67.90053616258163,0.0175,0.125,0.0,,15.195455625667819,0.0,SYNTHETIC_ONLY,326c000
frequency_shift,standardized_residual_cusum,20261005,40,80,256,512,256,0.95,20.84677337386158,0.02375,0.025,0.0,,5.268250411032011,0.17557004400705534,SYNTHETIC_ONLY,326c000
frequency_shift,breakforge_reference,20261005,40,80,256,512,256,0.95,20.84677337386158,0.82875,0.025,0.55,168.0,5.340064924414223,16.306403105302298,SYNTHETIC_ONLY,326c000
heavy_tail_shift,raw_level_cusum,20261005,40,80,256,512,256,0.95,67.90053616258163,0.424375,0.125,0.05,92.0,26.821898106253258,2.8612256982134863,SYNTHETIC_ONLY,326c000
heavy_tail_shift,standardized_residual_cusum,20261005,40,80,256,512,256,0.95,20.84677337386158,0.48375,0.025,0.075,17.0,8.703426726295046,0.3556755788944148,SYNTHETIC_ONLY,326c000
heavy_tail_shift,breakforge_reference,20261005,40,80,256,512,256,0.95,20.84677337386158,0.478125,0.025,0.075,17.0,8.703426726295046,0.3556755788944148,SYNTHETIC_ONLY,326c000
no_change,raw_level_cusum,20261005,40,80,256,512,,0.95,67.90053616258163,,0.125,0.125,,,,SYNTHETIC_ONLY,326c000
no_change,standardized_residual_cusum,20261005,40,80,256,512,,0.95,20.84677337386158,,0.025,0.025,,,,SYNTHETIC_ONLY,326c000
no_change,breakforge_reference,20261005,40,80,256,512,,0.95,20.84677337386158,,0.025,0.025,,,,SYNTHETIC_ONLY,326c000
